0,3960.0
1,146
2,10.0
3,35.33333
4,6.329113924050633
5,1290
6,600
7,4000.0
8,8.799999999999999
9,15.0
10,41
11,1.05
12,80.0
13,56
14,36.0
15,8172
16,16.4
17,61.300000000000004
18,322.5
19,10.777777777777779
20,180
21,0.16333333333333333
22,100
23,68
24,624
25,53.333333333333336
26,15.0
27,32
28,1.884
29,1950
30,3.6
31,80.0
32,9.0
33,720
34,60
35,0.95
36,251
37,4.571428571428571
38,0.93333
39,48
40,200
41,36
42,0.144
43,125.0
44,4
45,16.181818181818183
46,95
47,288
48,40
49,280
50,656
51,8.4
52,7600
53,280
54,778.6666666666666
55,900
56,142
57,4875.0
58,1248
59,9.000090000900009
60,13.636363636363635
61,1201
62,1300
63,738
64,1176
65,7056
66,13198.8
67,400
68,3360
69,765
70,9.999999999999998
71,73.19999999999999
72,6600
73,0.875
74,200.0
75,3.8
76,2.5
77,0.6499999999999999
78,24.0
79,194
80,3.3000000000000007
81,144.0
82,7.25
83,56
84,260
85,0.25
86,14.533333333333333
87,135.0
88,402
89,374
90,0.12600000000000003
91,20
92,5
93,1735
94,400
95,157.0
96,4
97,80
98,3.0
99,260
100,2115.2
101,2
102,3324.0
103,13.5
104,5.000025
105,12.727272727272727
106,0.55555
107,2.04275
108,10.899999999999999
109,29.999999999999993
110,0.7
111,90300
112,560.0
113,147.61904761904762
114,17.0
115,160
116,2530
117,623
118,192
119,961
120,1.22
121,12.5
122,0.25
123,69
124,20000.0
125,0.9
126,190
127,0.3
128,124
129,770
130,0.77778
131,6089
132,20.0
133,10.304347826086957
134,1600
135,8.0
136,595
137,50.0
138,24.0
139,87.0
140,90
141,337
142,96
143,15
144,8126.72
145,356
146,6.666666666666666
147,8400
148,4800.0
149,8.75
150,0.22222
151,494
152,2.8571428571428577
153,490
154,8000
155,0.30000000000000004
156,105.0
157,600
158,16
159,4.0
160,30
161,10.0
162,4.75
163,0.06
164,14.0
165,1350.0
166,336
167,1500
168,9.555555555555555
169,312
170,3.333333333333333
171,35.0
172,280.0
173,1.0
174,0.31428999999999996
175,14
176,44
177,5.333333333333334
178,8.0
179,8.5
180,60
181,87.92
182,12.0
183,27
184,0.55
185,650.0
186,5000
187,10.0
188,312
189,15.000000000000002
190,782.0
191,122.46000000000001
192,10395
193,880
194,400
195,-19628.0
196,704
197,84.78
198,450
199,272.0
200,450
201,114.0
202,108.0
203,0.35
204,2.0
205,24
206,1.0
207,6.25
208,39.333333333333336
209,6045.0
210,5.999999999999999
211,1065.55
212,3081
213,0.13851
214,6.333333333333333
215,612500
216,425.0
217,4.25
218,63024.0
219,32000000
220,5.0256410256410255
221,0.5162790697674419
222,20.0
223,16
224,200
225,1872
226,32
227,1.0
228,0.8571300000000001
229,17.28
230,190
231,293
232,3300
233,207
234,684
235,3500
236,691
237,4950
238,0.05554999999999999
239,3280
240,816
241,89834.08195068293
242,2.5
243,750.0
244,432
245,0.6000000000000001
246,25.12
247,1.70833
248,240
249,0.12285012285012285
250,3.1999999999999997
251,60.0
252,3108.0
253,630
254,95
255,6000
256,1536
257,6.25
258,490.0
259,5.714285714285714
260,2700
261,959.9999999999992
262,83.99932800537596
263,108.000432001728
264,4.800000000000001
265,4.8
266,0.45833
267,276
268,26
269,94.0
270,25000.0
271,1.23
272,75
273,6
274,520
275,2610
276,289
277,5.4
278,64
279,750
280,150.72
281,7.391304347826088
282,6.0
283,736
284,64
285,18
286,240
287,579
288,7.734375
289,2250.0
290,944
291,5.555555555555555
292,-10
293,546
294,16.333333333333332
295,257
296,5280
297,5.0
298,3.3333333333333335
299,91
300,224
301,1.35
302,8.0
303,7.714285714285714
304,81.0
305,5024.0
306,9.0
307,2
308,50.0
309,105.0
310,102.80000000000001
311,8100
312,31.5
313,0.28572
314,1.0
315,60.0
316,40000.0
317,324
318,900.0
319,0.5
320,8.0
321,432
322,0.5
323,0.925
324,1.2000000000000002
325,496
326,3450
327,47.5
328,890
329,0.6666666666666666
330,10940.5
331,434000
332,16000.0
333,300
334,0.57142
335,4032
336,15.0
337,486
338,5.999999999999999
339,10.0
340,8.482758620689655
341,90
342,20.1
343,50.0
344,60.0
345,47.61904761904762
346,48
347,5.5
348,425
349,12.0
350,0.64
351,600
352,465
353,1588
354,168
355,140
356,165.5
357,0.5
358,2.5
359,-2
360,11304.0
361,1256.0000000000002
362,45.0
363,9.0
364,17.499999999999996
365,540
366,0.31428999999999996
367,32
368,0.25
369,209
370,150
371,242
372,9.8
373,31.8
374,36
375,1350
376,591
377,9043.2
378,4429
379,2.727272727272727
380,70
381,35
382,0
383,624
384,54250.0
385,90.66666666666667
386,12
387,-248.06
388,100
389,13.6
390,15.0
391,1260
392,768.0
393,800
394,4.71
395,1150.0
396,450.0
397,11.000000000000002
398,6592
399,12.6
400,1656
401,136
402,864
403,2.2222222222222223
404,535
405,1.0
406,15.0
407,0.4545429751953418
408,4.791666666666667
409,3.14
410,11.75
411,5.357142857142857
412,-0.25
413,800
414,10.0
415,516
416,55
417,8.0
418,1320.0
419,20.0
420,0.22221999999999997
421,1.0
422,303.0
423,-0.9117647058823529
424,1.12
425,15.12
426,180
427,480.0
428,127.0
429,1500
430,580
431,120
432,384.0
433,112
434,12960
435,30.833333333333332
436,544.0
437,44
438,1.275
439,6300
440,0.0
441,45.0
442,410
443,87.5
444,64
445,765.0
446,0.6000000000000001
447,1.8
448,10
449,1920
450,1036
451,70
452,0.3855333333333333
453,10.0
454,30.0
455,133
456,1080
457,60
458,76
459,390
460,12
461,2400
462,32.35294117647059
463,816
464,12.000480019200769
465,1710
466,240.0
467,246.0
468,20.666666666666668
469,35
470,11.999999999999998
471,16.0
472,700
473,125.60000000000001
474,6.0
475,5.25
476,534
477,0.1
478,1152
479,231.0
480,340
481,533
482,0.050000000000000044
483,3.2
484,30.0
485,280
486,132
487,216.0
488,15.571428571428573
489,1204
490,3.5666666666666664
491,96
492,260.0004
493,44.72
494,440.0
495,2092.34
496,17526065.96616495
497,1080
498,80
499,1344
500,272
501,800
502,320.0
503,0.75
504,885
505,639
506,2850.0
507,700
508,188.4
509,21
510,13200.0
511,14.0
512,0.42500000000000004
513,3.5
514,123.33333333333333
515,57.142857142857146
516,786
517,0.5
518,0.5
519,224
520,44.666666666666664
521,7.8
522,355
523,1800.0
524,0.375
525,200
526,340
527,100.0
528,20
529,31.400000000000002
530,120.0
531,1.0
532,150.00000000000003
533,52.650000000000006
534,4.5
535,4500000
536,144
537,22.0
538,1.0
539,96.0
540,270.0027000270003
541,100000.0
542,216
543,600.003
544,44.44444444444444
545,120.0
546,0.785
547,84.0
548,10.0
549,108.0
550,1730
551,373.66
552,48
553,8.999999999999998
554,1100.0
555,750.0
556,11
557,28.0
558,12.56
559,50.24
560,0.36000000000000015
561,1.0
562,3.0000000000000004
563,90.0
564,7
565,8
566,1469.9999999999998
567,147.000147000147
568,560.0
569,2500.0
570,266.0
571,16.8
572,10700.0
573,24
574,7500
575,44.85
576,1
577,2.0
578,50
579,239.99999999999997
580,1999
581,-6
582,182.9
583,48.0
584,6
585,12.0
586,31
587,55.0
588,50.0
589,240
590,41.0
591,16
592,39.99999999999999
593,1.256
594,4.000000000000001
595,50.24
596,1.8
597,930
598,192.0
599,20000.00000000001
600,686
601,5.0
602,3.0
603,400
604,50.0
605,0.39999999999999997
606,16.0
607,60.0
608,4.6
609,62
610,900000.0
611,6.63265306122449
612,58.0
613,180.0
614,9.600000000000001
615,9360.0
616,116.80000000000001
617,40.0
618,28.26
619,90.0
620,89.4
621,50.0
622,3.14
623,114
624,-195.99608007839845
625,15.0
626,440
627,0.5
628,421
629,108
630,60.000000000000014
631,19.719199999999997
632,3.0
633,2000
634,600
635,0.95
636,0.9375
637,0.25
638,0.99
639,59.99880002399953
640,9.999999999999995
641,0.75
642,5.0
643,192
644,1.86666
645,2
646,6.0
647,14.0
648,215000.0
649,0
650,339.9999999999997
651,6
652,11.0
653,16.0
654,0.98
655,49.0
656,79.99999999999997
657,0.98
658,12.0
659,0.95
660,40.0
661,480.0
662,2500
663,0.75
664,240
665,1063.0
666,50000.0
667,249.99999999999977
668,12
669,3600.0
670,8.0
671,490
672,18.0
673,160.00000000000003
674,0.05
675,0.92
676,8.0
677,5.1000000000000005
678,0.98
679,0.96
680,10020.0
681,460.0
682,120.0024
683,450
684,-11.666569445254625
685,42.0
686,666.6666666666667
687,150.0
688,36000.00000000001
689,169
690,320.0
691,1500.0
692,80.99935200518395
693,9.0
694,144
695,450
696,16.00008
697,36
698,0.775
699,60.0
700,75.0
701,72.0
702,5.0
703,7.5
704,6.0
705,3.0
706,0.94
707,0.625
708,20.0
709,30.0
710,32.00000000000001
711,38.0
712,3.5999999999999996
713,0.3
714,0.1
715,1000.0
716,240000.0
717,384.0
718,18
719,30
720,150000.0
721,0.7536
722,-55.0
723,-400.00000000000006
724,76
725,425
726,58.8235294117647
727,117
728,149.99999999999997
729,160
730,120.0
731,15.0
732,64.0
733,100.0
734,295
735,135.0
736,12.999999999999998
737,5
738,70.00023333411112
739,400
740,0.95
741,2.5
742,0.75
743,5.0
744,666.6666666666667
745,1280.0
746,49.99999999999999
747,15.6
748,13.0
749,330.4
750,7.0
751,72.0
752,70.0
753,0.09090909090909091
754,35
755,0.025
756,23.0
757,32
758,30
759,155.0
760,-3916.000000000001
761,240.00000000000006
762,191.53999999999996
763,376.8
764,68.0
765,-6000.0
766,2.1296
767,3.4399999999999995
768,3428.5714285714284
769,10.0
770,851
771,7
772,187.0
773,71.0
774,125
775,10.285680000000001
776,1256.0
777,40.0
778,604.8
779,4.0
780,5.0
781,4880
782,4160
783,10
784,117
785,156
786,12.56
787,4.5
788,125.00000000000003
789,480
790,0.98
791,9.0
792,612.5
793,-10.181818181818182
794,72.09
795,323.0
796,10.0
797,240.0
798,-1.1111111111111112
799,300.0
800,33.9
801,54.54545454545455
802,96.0
803,80.57142857142857
804,16.285714285714285
805,25.599999999999998
806,50.0
807,216.00168001680015
808,0.0
809,12
810,4.800000000000001
811,7.1
812,0.02
813,565.2
814,25.0
815,3999.9999999999995
816,1999.9999999999998
817,13.0
818,5.0
819,119.75
820,174
821,600.0
822,66
823,119.99999999999999
824,50.24
825,1050000.0
826,1462000.0
827,160.0
828,120000.0
829,42.0
830,290000.0
831,160
832,901.8
833,60.0
834,413.3333333333333
835,880.0
836,80.0
837,512
838,26
839,5.0
840,0
841,1.666675
842,8.0
843,35.714285714285715
844,546
845,6
846,40
847,42
848,78.4
849,3.0
850,25.0
851,-1.0030395136778116
852,13
853,18
854,0.3333333333333333
855,0.19999999999999996
856,299.99999999999994
857,0
858,10.5
859,5.538461538461538
860,10.714285714285714
861,300.0
862,-816.0
863,0.28571
864,2.4e-07
865,11.6
866,13.625
867,1496
868,3.3
869,4.0
870,13.200000000000001
871,7560
872,9.0
873,62.160000000000004
874,48.0
875,17
876,10500.0
877,0.14285714285714285
878,6.28
879,78.5
880,64.0
881,400
882,210
883,31.5
884,6
885,16.0
886,90.0
887,3140.0
888,9.0
889,5
890,4.0
891,27.0
892,0.4
893,150.0
894,160
895,9.0
896,285.0
897,4.0
898,96.0
899,240000.0
900,4000.0
901,207000
902,16.0
903,37.5
904,8.0
905,6.0
906,122.4
907,1.1999999999999997e-06
908,51300
909,6.28
910,2.5
911,6.383673469387754
912,0
913,29
914,6.6
915,425
916,7536.0
917,141.3
918,106.76
919,0.40000000000000036
920,200.0
921,6.000000000000002
922,6.0
923,0.96
924,400.0
925,-10.105263157894736
926,0.96
927,260.0
928,30.000300003000028
929,2.1999999999999957
930,40000.0
931,1414.141414141414
932,192.0
933,18.84
934,7.1000000000000005
935,0
936,-150
937,-120
938,6.66
939,11.538461538461538
940,160.0
941,19.0
942,184
943,24.0
944,19.0
945,0.41667
946,176
947,5.666666666666667
948,1620
949,24.0
950,2.4
951,55.42857142857143
952,48.0
953,810
954,594
955,124
956,16.0
957,60.0
958,22799.999999999996
959,1.3
960,5.999999999999999
961,7.666666666666667
962,640
963,31050.0
964,1.0
965,35.333333333333336
966,25.0
967,0
968,13.99986
969,0.125
970,152.4
971,9.0
972,3424
973,785.0
974,41
975,37.68
976,70
977,16.0
978,1.7270000000000003
979,650
980,182.89999999999998
981,1200.0
982,0.03
983,448
984,10393.3
985,74
986,1.5644444444444445
987,10.0
988,6.4
989,-8720
990,24.0
991,2760.0
992,581.0
993,700
994,0.0555555555555556
995,1360
996,0.9900990099009901
997,90.0
998,72
999,0.19999999999999996
1000,0.157
1001,503.9969760181439
1002,89.0
1003,45.0
1004,135
1005,0.1
1006,2
1007,31.0
1008,979200.0
1009,-0.375
1010,2.5
1011,163
1012,312.5
1013,0.96
1014,12.5
1015,10.0
1016,15.000000000000004
1017,37.5
1018,85
1019,0.6666666666666666
1020,9.333333333333334
1021,0.6666666666666666
1022,0.7142857142857143
1023,62.800000000000004
1024,10.0
1025,4.408
1026,16000
1027,0.25
1028,26
1029,87.9996
1030,4
1031,215.60000000000002
1032,2
1033,6.0
1034,64.0
1035,270
1036,0.432
1037,30
1038,288
1039,9.9999750000625
1040,-19.0
1041,4500
1042,7
1043,3.9250000000000003
1044,29.7
1045,343.0
1046,0.5625
1047,20.25
1048,12167
1049,412.4992500000001
1050,15.000300000000001
1051,100.0
1052,240
1053,10.0002
1054,5
1055,1000000
1056,5.333333333333333
1057,46.44
1058,0.5625
1059,5.120000000000001
1060,71.42857142857137
1061,11.0
1062,3.77
1063,-10
1064,60.0
1065,20.0
1066,68
1067,4.5
1068,150
1069,45.0
1070,55.0
1071,18.75
1072,134.999325003375
1073,0.2028169014084507
1074,0.04
1075,4138
1076,15.000000000000002
1077,272
1078,0.6
1079,-24.0
1080,688
1081,21.0
1082,10.0
1083,20.0
1084,1.3
1085,12.2
1086,0.45000000000000007
1087,480
1088,0.4444444444444444
1089,0.0144
1090,135.0
1091,675
1092,4875
1093,96
1094,287.53846153846155
1095,9
1096,1440
1097,0.375
1098,2.5
1099,120.0
1100,0.14286
1101,16.0
1102,492
1103,10
1104,285
1105,0.4
1106,105.7
1107,12
1108,2.8
1109,23.999952000096002
1110,27.0
1111,3.0
1112,45.12
1113,0.3333333333333333
1114,800
1115,68.0
1116,6.0
1117,20.0
1118,8.0
1119,3.0
1120,15.0
1121,30
1122,18.0
1123,10.0
1124,16.0
1125,8199.999999999993
1126,14.0
1127,1.4000000000000004
1128,10000
1129,66.66666666666667
1130,0.66
1131,6
1132,30
1133,0
1134,128
1135,30.000149999999998
1136,30.049999999999997
1137,15.0
1138,480.0
1139,184
1140,9000.0
1141,75.0
1142,6.0
1143,180.0
1144,0.25
1145,4.0
1146,900.0
1147,324.2
1148,-35.44615384615384
1149,19.3
1150,232.0
1151,100
1152,0.5
1153,770
1154,12.0
1155,90.0
1156,1.5384615384615385
1157,30.0
1158,600
1159,0.9230769230769234
1160,21.0
1161,9.0
1162,1440
1163,2
1164,8965
1165,6
1166,12.0
1167,1125
1168,123.0
1169,11.99988
1170,0.5968253968253968
1171,900.0
1172,120
1173,400
1174,24000000
1175,0.98
1176,18.0
1177,20.0
1178,7400
1179,46.0
1180,7.000000000000001
1181,90000.0
1182,12.0
1183,108.0
1184,800.0
1185,120.0
1186,0.5714285714285714
1187,201.0
1188,603.0
1189,603.0
1190,55
1191,120.0
1192,270.0
1193,56250.0
1194,12.0
1195,0.04761904761904766
1196,150.0
1197,41.666666666666664
1198,240
1199,31.400000000000002
1200,1080.010800108001
1201,25.0
1202,1187500000000
1203,0.5
1204,51.0
1205,28.0
1206,18.84
1207,188.4
1208,-46.0
1209,21
1210,8
1211,33.000033000033
1212,8.0
1213,0.75
1214,75
1215,1000
1216,93.00093000930009
1217,-64.0
1218,56.00018666728889
1219,1.3333333333333333
1220,0.26666666666666666
1221,60.0
1222,2.25
1223,127.2
1224,48.0006
1225,33.333616665
1226,188.4
1227,9600
1228,25.0
1229,149.99925000374998
1230,3.2
1231,3.2
1232,54.0
1233,64.0
1234,75.0
1235,47.1
1236,8
1237,90.0
1238,34.285714285714285
1239,14
1240,0.15999999999999998
1241,8.000039999999998
1242,80.0
1243,80.0
1244,147
1245,4200
1246,85
1247,53
1248,56
1249,60
1250,33
1251,45
1252,36
1253,16
1254,36
1255,8.0
1256,30
1257,38
1258,24
1259,16
1260,53
1261,22
1262,4
1263,37
1264,6.0
1265,45
1266,8
1267,56.0
1268,23
1269,18
1270,55
1271,53
1272,30
1273,26
1274,46
1275,12
1276,72
1277,7
1278,84
1279,30
1280,1
1281,51
1282,103
1283,8.0
1284,104
1285,22
1286,45
1287,14
1288,27
1289,48
1290,20
1291,72
1292,26
1293,7
1294,8
1295,0.813953488372093
1296,1.0
1297,3000
1298,8.0
1299,96
1300,6.0
1301,20
1302,6.0
1303,7.666666666666667
1304,7.25
1305,5.428571428571429
1306,4.25
1307,50.0
1308,8.333333333333334
1309,8.5
1310,7.125
1311,6.857142857142857
1312,4.0
1313,32
1314,1.0
1315,9.0
1316,13
1317,1
1318,11.0
1319,56
1320,7.0
1321,4.0
1322,80
1323,2.142857142857143
1324,28
1325,96
1326,17
1327,3.6666666666666665
1328,52
1329,6.0
1330,42
1331,6.0
1332,68
1333,3.25
1334,4.0
1335,25
1336,54.0
1337,16.0
1338,3.5999999999999996
1339,5.0
1340,73
1341,24.0
1342,6.0
1343,7.0
1344,24
1345,84
1346,31
1347,15
1348,6
1349,17
1350,15
1351,16
1352,1
1353,28
1354,9
1355,18
1356,110.0
1357,37.68
1358,160.0
1359,699.9999999999998
1360,0
1361,33000.0
1362,30000.0
1363,0.2222222222222222
1364,2.5
1365,0.8
1366,20.0
1367,-19.0
1368,30144.000000000004
1369,120.00000000000003
1370,192
1371,81.0
1372,335
1373,4
1374,38.25
1375,0.51429
1376,1000
1377,128
1378,54000
1379,756
1380,2.6999999999999997
1381,728.48
1382,5400.0
1383,162
1384,523.6344595110563
1385,9.225
1386,28.0
1387,24.0
1388,104.16625
1389,4.754545454545454
1390,42
1391,12.0
1392,48000
1393,12.0
1394,40.0
1395,16.0
1396,64.0
1397,60
1398,95.0
1399,840
1400,4.0
1401,180
1402,640.0
1403,0.9999999999999998
1404,30
1405,0.08333333333333333
1406,7
1407,150.0625
1408,787
1409,125
1410,139.0
1411,20.0
1412,90.5
1413,40.0
1414,248
1415,14400
1416,60000
1417,3.0
1418,240
1419,31.0
1420,0.8833300000000001
1421,30.6
1422,33.45
1423,3.6
1424,0.008000000000000002
1425,9
1426,8.375
1427,4
1428,294
1429,11.0
1430,22.5
1431,28.0
1432,12
1433,118.0
1434,2.4
1435,44.300000000000004
1436,190.0
1437,271.32000000000005
1438,196.35000000000002
1439,1440000000
1440,256
1441,9.0
1442,110.0
1443,-42.0
1444,36
1445,12.666666666666664
1446,3150
1447,16.666666666666668
1448,1.0
1449,4
1450,44.0
1451,72.0
1452,216
1453,307
1454,36.0
1455,40
1456,169
1457,31
1458,3.5
1459,9.0
1460,3612
1461,560
1462,20.0
1463,322.5
1464,10
1465,290
1466,35
1467,206.0
1468,8.5
1469,1.1
1470,137
1471,30
1472,3.2
1473,60.0
1474,16
1475,8
1476,50.0
1477,9000
1478,18.0
1479,16.0
1480,0.6
1481,2720
1482,70
1483,3.0
1484,0.40336134453781514
1485,4.0
1486,10.133333333333333
1487,33.0
1488,8.0
1489,56.0
1490,3.5
1491,18
1492,60.0
1493,7000
1494,16
1495,39800
1496,3
1497,-4.0
1498,8.080000000000002
1499,2370
1500,91.0
1501,3.6
1502,149
1503,4.0
1504,371
1505,27.2
1506,39.0
1507,48
1508,12.171428571428573
1509,180
1510,945
1511,50.0
1512,320000.0
1513,180.0
1514,50.333333333333336
1515,520
1516,12
1517,1.55
1518,13346
1519,6.0
1520,90.0
1521,14
1522,300.0
1523,410000.0
1524,331
1525,8
1526,140
1527,3.0
1528,25.6
1529,780
1530,500.0
1531,36.0
1532,8.0
1533,102.5
1534,4800.0
1535,0.015625
1536,2.5
1537,84
1538,0.047619047619047616
1539,160.0
1540,128
1541,301.44
1542,29.5
1543,30.0
1544,12.0
1545,400.0
1546,575.0
1547,20.0
1548,1
1549,29.0
1550,23.076923076923077
1551,40.0
1552,3050
1553,2250
1554,3
1555,628.0
1556,22.608
1557,3.0
1558,100
1559,50
1560,-262.29508196721315
1561,17.0
1562,10.0
1563,552
1564,84000.0
1565,90.0
1566,24.0
1567,8.399932800537597
1568,4800.016695710246
1569,9.0
1570,3000
1571,3.2
1572,31.400000000000002
1573,7.0588235294117645
1574,52
1575,282.6
1576,9420.0
1577,33.9
1578,210.0
1579,720
1580,0.8
1581,640000
1582,125000.0
1583,160.0
1584,126.0
1585,1700.0
1586,2699
1587,4.4
1588,82.0
1589,3.75e-05
1590,73
1591,86
1592,108.0
1593,175.0
1594,50.0
1595,280.0
1596,5.199999999999999
1597,0.2222222222222222
1598,8.0
1599,37.333333333333336
1600,24
1601,24.242424242424246
1602,10.0
1603,40000
1604,30.0
1605,0.48
1606,1512.0
1607,-22
1608,8.0
1609,6.28
1610,5024.0
1611,5024.0
1612,935.0000000000001
1613,837.1200000000001
1614,37.68
1615,52
1616,877
1617,-2.0833333333333335
1618,150.0
1619,384
1620,45.0
1621,75.0
1622,120.96
1623,120
1624,7.5
1625,374.46000000000004
1626,28.0
1627,25000.0
1628,-4
1629,15.0
1630,1600.0
1631,7
1632,15.0
1633,2.0000059999879998
1634,8499.999999999998
1635,0.2
1636,11.0
1637,54.0
1638,24.0
1639,0.8
1640,84
1641,1.56
1642,880
1643,601
1644,1.1199999999999999
1645,12.5
1646,3.14
1647,0.0125
1648,15
1649,69.0
1650,1770
1651,50.0
1652,2.740740740740741
1653,15.0
1654,0.92
1655,628.0
1656,10
1657,1200.0
1658,9
1659,0.2
1660,158.0
1661,4.000019999999999
1662,3.5999999999999996
1663,20
1664,3.2
1665,-2.5
1666,0.8260869565217391
1667,1.1
1668,625.0
1669,0.36333333333333334
1670,0.30000000000000004
1671,20.189
1672,2400.0
1673,30
1674,89.33333
1675,162.0103686635946
1676,60.0
1677,5.999999999999999
1678,144
1679,-505.1546391752577
1680,25.0
1681,3199.9999999999995
1682,142.85714285714286
1683,200.0
1684,3.6
1685,13.333599999999999
1686,149.99985
1687,405
1688,785.0
1689,149.9994
1690,1120.0
1691,4.0
1692,1.5
1693,10.0
1694,37.68
1695,1600.0
1696,1000
1697,1.0
1698,30.000179999999997
1699,8.0
1700,39.00000000000001
1701,20.0
1702,6.857142857142857
1703,1.0
1704,3.19998
1705,0.25
1706,0.88888
1707,6.0
1708,600.0
1709,7.0
1710,960.0
1711,3400.0
1712,6600.0
1713,0
1714,240.0
1715,10.0
1716,18
1717,100
1718,15.0
1719,720.0
1720,0.4
1721,3.290232
1722,0
1723,0
1724,63.584999999999994
1725,22.0
1726,40.0
1727,631.0144
1728,8
1729,360
1730,1.2000000000000002
1731,10.0
1732,110
1733,33.5
1734,25.0
1735,68.57142857142857
1736,8
1737,130.0
1738,1720.0
1739,-520
1740,267
1741,45
1742,0.9523809523809524
1743,1380
1744,60.0
1745,56
1746,80.0
1747,8.0
1748,12
1749,1920.0
1750,114
1751,340.0
1752,7.0
1753,1.7400000000000002
1754,25
1755,45
1756,6.999999999999999
1757,300.0
1758,62.800000000000004
1759,1.5686274509803921
1760,18.6
1761,192.0
1762,32.129999999999995
1763,10.399999999999954
1764,20.0
1765,300.0
1766,51.0
1767,6.0
1768,81
1769,1.0
1770,3.0
1771,2250
1772,370
1773,2682
1774,12.8
1775,2.37741456166419
1776,800.0
1777,250.0
1778,22960
1779,916
1780,50.0
1781,8.333333333333334
1782,1175
1783,1800
1784,67.36842105263158
1785,2.7777777777777777
1786,9.444444444444445
1787,5.666666666666667
1788,136
1789,6.4
1790,22500
1791,250.0
1792,-172
1793,11460
1794,5.428571428571429
1795,22.409090909090907
1796,5.866666666666667
1797,4.2105263157894735
1798,36
1799,500
1800,3.4
1801,0.5769230769230769
1802,3360
1803,72.0
1804,200.0
1805,2.355
1806,7200
1807,36.0
1808,171
1809,7.5
1810,660.0
1811,8.0
1812,3.14
1813,150.0
1814,6.75
1815,72.0
1816,3.6363636363636362
1817,20.0
1818,102
1819,48.0
1820,7040.0
1821,27
1822,218.3803457688808
1823,9.137931034482758
1824,3704.4
1825,1355
1826,62.5
1827,238
1828,80.0
1829,222.94
1830,40
1831,2.2222222222222223
1832,5.0
1833,5928
1834,272.0
1835,314.0
1836,2745
1837,3.3333333333333335
1838,8
1839,4.0
1840,120.0
1841,3.0
1842,6.0
1843,3.5
1844,280.0
1845,0.0
1846,-3.0508474576271185
1847,702
1848,9.6
1849,3000
1850,818
1851,151.8
1852,35
1853,1035
1854,3.0
1855,12.0
1856,1440.0000000000002
1857,950
1858,60.0
1859,129.60000000000002
1860,70.0
1861,0.0012937898089171974
1862,96
1863,24.0
1864,8.0
1865,7.0
1866,1210
1867,5.9375
1868,7
1869,6720
1870,630
1871,30
1872,5400
1873,8000
1874,1.5699999999999998
1875,11.4
1876,12
1877,6.7
1878,126.0
1879,45.875
1880,25.905
1881,6.970000000000001
1882,2
1883,3888
1884,1088
1885,1.45
1886,-1
1887,6.0
1888,240
1889,3.0
1890,16.666666666666668
1891,0.52
1892,54.0
1893,3.14
1894,99.99900000000001
1895,1024
1896,0.13333333333333333
1897,3.0
1898,12
1899,40.0
1900,9.0
1901,5.0
1902,24.0
1903,2.1
1904,1.0
1905,0
1906,420
1907,888
1908,27.0
1909,15.750000000000002
1910,26.1
1911,1469
1912,12.5
1913,1.0
1914,0.148
1915,108
1916,12.0
1917,1.0
1918,16.26923076923077
1919,576
1920,11.999999999999998
1921,1976.0
1922,10.2
1923,5166
1924,12.878787878787879
1925,420
1926,300
1927,24.0
1928,1.25
1929,349.34216560509554
1930,10
1931,5.0
1932,40.0
1933,1079.9999999999998
1934,-250
1935,3.0
1936,720.0
1937,3.3912
1938,11.764705882352942
1939,40.0
1940,533.3333333333333
1941,4.2
1942,125.60000000000001
1943,401
1944,15.899999999999997
1945,2.3529411764705883
1946,680.625
1947,-1.0144927536231885
1948,12
1949,36.0
1950,0.2
1951,70
1952,0
1953,26.599999999999998
1954,4.0
1955,4900.0
1956,20.99999999999999
1957,217
1958,34.540000000000006
1959,366
1960,16.0
1961,0.04
1962,3740
1963,2000.0
1964,38624
1965,90600
1966,565
1967,280.0
1968,773.9785999999999
1969,6.0
1970,89.0
1971,4.1
1972,81
1973,2.512
1974,6.0
1975,41.6
1976,-385.00292502193764
1977,30.0
1978,30.0
1979,7.0
1980,3000
1981,3.0
1982,14.4
1983,25.0
1984,6.0
1985,24
1986,200.0
1987,0.12000000000000001
1988,25.714285714285715
1989,2398
1990,80601.0
1991,13.0
1992,-30.0
1993,-4550.0
1994,22
1995,460500.0
1996,12.56
1997,2
1998,5000000
1999,160000.00000000003
2000,4
2001,168.0
2002,5.454545454545454
2003,81.0
2004,2.6666666666666665
2005,44.99982
2006,260
2007,885
2008,896
2009,621
2010,5000.0
2011,45.0
2012,-200
2013,0.05
2014,0
2015,121.5
2016,14.52
2017,3.4000000000000004
2018,75.0
2019,300.0
2020,110
2021,-360
2022,300.0039999999999
2023,400.0
2024,10.0
2025,12.200000000000001
2026,-65.0
2027,15.0
2028,4.0
2029,0.15
2030,0.24999999999999994
2031,-0.9871794871794872
2032,62.5
2033,56
2034,8640
2035,2300.0
2036,648
2037,360
2038,384
2039,-2.0
2040,1.7000000000000002
2041,113.04
2042,157.0
2043,6.714285714285714
2044,1.5
2045,7.0
2046,6000.0
2047,10.0
2048,7.6923076923076925
2049,20.0
2050,3.0
2051,1159
2052,216
2053,748.8
2054,40
2055,301.44
2056,21.0
2057,500.0
2058,7.500000000000002
2059,4750.0
2060,12.5
2061,42.111111111111114
2062,5200
2063,37.4
2064,24
2065,-40
2066,652.1739130434784
2067,3200.0
2068,7.7397860000000005
2069,315
2070,55.99975111221728
2071,270
2072,3000
2073,95.99999999999999
2074,22.0
2075,82.0
2076,3300
2077,4.9
2078,400.0
2079,2000
2080,6.769999999999998
2081,22.409090909090907
2082,35
2083,6.0
2084,37500.0
2085,400
2086,414.48
2087,54.0
2088,225.00000000000003
2089,1740
2090,159792.0
2091,108
2092,50000.000000000015
2093,900.0
2094,96
2095,323106.0
2096,314.0
2097,36
2098,4.8
2099,28.0
2100,780
2101,2000
2102,0.2
2103,0.49999999999999994
2104,96
2105,21.666666666666668
2106,0.4
2107,50.24
2108,1560.0
2109,2600
2110,1188.0
2111,4.0
2112,48
2113,19.968
2114,14.399999999999999
2115,622
2116,1800.0000000000016
2117,20.0
2118,157.0
2119,84.0
2120,15.0
2121,88.00000000000001
2122,690.8000000000001
2123,7.065
2124,2.6
2125,1.0
2126,830
2127,-300
2128,268
2129,80.0
2130,2.4000000000000004
2131,300
2132,14.857142857142858
2133,3720
2134,1.0
2135,1318.8
2136,21.666666666666668
2137,7.222222222222222
2138,57
2139,10.0
2140,2.5
2141,4
2142,11.714285714285714
2143,11.11111111111111
2144,1.256
2145,9.375
2146,1296
2147,3840000
2148,1.0833300000000001
2149,10.0
2150,565.1999999999999
2151,77.244
2152,4.0
2153,31.400000000000002
2154,699
2155,-0.47058823529411764
2156,3.0
2157,120
2158,42
2159,45.216
2160,-0.003110419906687403
2161,480
2162,24
2163,2880.0
2164,22.727272727272727
2165,-30.5
2166,124
2167,470
2168,182.5
2169,108000
2170,2.5
2171,5.0
2172,0.325
2173,11183.2
2174,6.0
2175,0.12
2176,0.65
2177,3.0
2178,499.99999999999994
2179,60
2180,7850.0
2181,51.42857142857143
2182,715
2183,25.428571428571427
2184,342.0
2185,100.0
2186,29.999999999999996
2187,441
2188,1456.0
2189,300.0
2190,0.3
2191,7
2192,4800000.0
2193,56.0
2194,2.0
2195,3400
2196,24
2197,0.3999999999999999
2198,0.39999999999999997
2199,11.875
2200,180
2201,344
2202,2520.0
2203,11400
2204,3.0
2205,4.0
2206,24
2207,-1.0
2208,16.0
2209,210.0
2210,496
2211,160
2212,655
2213,7.199999999999999
2214,1.3599999999999999
2215,6.000000000000001
2216,9.666666666666666
2217,566
2218,9.4
2219,18.666666666666668
2220,10890
2221,1245
2222,45
2223,0
2224,1.0
2225,62.5
2226,4.0
2227,80.0
2228,4.3
2229,750
2230,62.800000000000004
2231,4.5
2232,80.0
2233,18.0
2234,1.0699999999999998
2235,2.04
2236,18.0
2237,24.666666666666664
2238,6
2239,-300
2240,1840
2241,86.5
2242,0.0
2243,6300
2244,45
2245,1.4
2246,5.8
2247,121.5
2248,4.5
2249,1920.0
2250,1884.0
2251,80.0
2252,114
2253,18
2254,8640
2255,3.0
2256,300
2257,5750
2258,64
2259,18
2260,360
2261,0.16
2262,0.22
2263,4.0
2264,9.166666666666666
2265,5
2266,232.0
2267,22.5
2268,26
2269,8.0
2270,0.19333333333333333
2271,80.0
2272,44.000000000000014
2273,27.0
2274,16.0
2275,27
2276,39
2277,6400
2278,100
2279,7.880000000000001
2280,1440
2281,2940
2282,1440
2283,1190.0
2284,3600
2285,3
2286,8.333333333333334
2287,-59.999999999999986
2288,12.0
2289,11.11111111111111
2290,80.0
2291,45.0
2292,45.0
2293,80.0
2294,6.0
2295,50.24
2296,72
2297,5.0
2298,0.02
2299,125.60000000000001
2300,24.0
2301,4.5
2302,180.0
2303,10.0
2304,6.28
2305,6.28
2306,0.0
2307,802.0
2308,14.5
2309,8.333333333333334
2310,8
2311,6.9523809523809526
2312,80.0
2313,-457.22828215358504
2314,350
2315,6.666666666666667
2316,1404.0
2317,420.0
2318,10
2319,242
2320,18.0
2321,360.00000000000006
2322,263.99999999999994
2323,22.4
2324,75
2325,1000
2326,399
2327,70.0
2328,18.0
2329,12.5
2330,2
2331,3120
2332,0.4166666666666667
2333,4200
2334,0.156
2335,120.0
2336,11.999999999999998
2337,1.0
2338,84.22222222222223
2339,2.0
2340,1.9999999999999998
2341,760
2342,14.400144001440015
2343,53.0
2344,0.05952380952380952
2345,-156.00000000000003
2346,156
2347,864
2348,48
2349,327
2350,1080
2351,50.0
2352,120.0
2353,8
2354,300
2355,240.0
2356,1763.424
2357,12.1
2358,0.0
2359,1243
2360,0.625
2361,12.333333333333334
2362,1120
2363,8.8
2364,476
2365,330
2366,20.0
2367,21.83388535031847
2368,6
2369,4.333333333333334
2370,199.99999999999997
2371,7.5
2372,1.1304
2373,54
2374,48
2375,22
2376,11.333333333333334
2377,43.0
2378,12.0
2379,3.9000000000000004
2380,30.0
2381,24.0
2382,8.333333333333334
2383,839.26
2384,352.0
2385,222.0
2386,112.0
2387,930
2388,14.8
2389,0.75
2390,360.014400576023
2391,7200000000000
2392,210000.0
2393,0.15000000000000002
2394,27.799999999999997
2395,450
2396,120
2397,1.2
2398,26.14288982081586
2399,5
2400,25.2
2401,32.0
2402,0.002
2403,4
2404,70
2405,4.0
2406,3.4482758620689653
2407,3.694732952912681
2408,11.2
2409,113.04
2410,1.125
2411,15.14
2412,5.0
2413,4.0
2414,23.999999999999996
2415,-68.85245901639342
2416,12.56
2417,100.80040320161281
2418,92.0
2419,8.0
2420,628.0
2421,600.0
2422,6
2423,2.3333333333333335
2424,8.8
2425,7560
2426,24.0
2427,8
2428,75.0
2429,7.2
2430,35.0
2431,20.0
2432,4.0
2433,3.0
2434,120.0
2435,7
2436,19.900000000000006
2437,44.8
2438,18.285714285714285
2439,8.0
2440,133.33333333333331
2441,189
2442,18
2443,18.0
2444,22.45
2445,0.3125
2446,149.9970000599988
2447,280
2448,14.0
2449,60000
2450,1.6500000000000001
2451,30
2452,-120.00000000000003
2453,193.4
2454,43.75
2455,24.09090909090909
2456,0.24999999999999994
2457,176
2458,0
2459,0.0
2460,5.0
2461,5.375
2462,19.0
2463,28.0
2464,53380.0
2465,30.0
2466,28.26
2467,1.0
2468,22.0
2469,0.32000000000000006
2470,16
2471,44
2472,7
2473,120000.0
2474,2.4
2475,80000.0
2476,1.0
2477,35.0
2478,25.0
2479,30
2480,62.99913600691198
2481,50.0
2482,24.0
2483,2
2484,12.56
2485,600
2486,13.666666666666668
2487,196
2488,-4
2489,8.0
2490,4
2491,10.0
2492,11.166666666666666
2493,3.076923076923077
2494,80.64516129032258
2495,98.0
2496,40
2497,13200
2498,0
2499,100.0
2500,115.38461538461539
2501,50.0
2502,2000.0
2503,47.1
2504,0.65
2505,10.000000000000002
2506,4.444444444444445
2507,1.2727272727272727
2508,216
2509,239.98800059996998
2510,6000.0
2511,113.04
2512,7630
2513,18.84
2514,-0.0675
2515,11.428571428571429
2516,1.0
2517,15.072000000000003
2518,94.2
2519,3.0
2520,0
2521,5840
2522,38.465
2523,4.0
2524,8.999999999999998
2525,1152
2526,21.0
2527,240
2528,40.0
2529,70
2530,10.0
2531,6.0
2532,10
2533,148
2534,15.0
2535,6.0
2536,16.0
2537,216
2538,1.8000000000000003
2539,70
2540,10.5
2541,7.714285714285714
2542,9.88888888888889
2543,2.0
2544,900
2545,15.0
2546,1056
2547,200.0
2548,380.0
2549,21.964285714285715
2550,-3.5
2551,1.0
2552,2.2222222222222223
2553,0.125
2554,15
2555,3.5
2556,196
2557,628.0
2558,3.0
2559,153.6
2560,0.36000000000000004
2561,120
2562,9.2
2563,30.000000000000007
2564,-18.000000000000007
2565,2610.0000000000005
2566,413.3333333333333
2567,100.48
2568,1800000000
2569,720
2570,139.99999999999997
2571,2841.9999999999995
2572,8.695652173913045
2573,3.0
2574,10.0
2575,20
2576,4.0
2577,127.5
2578,15.700000000000001
2579,16579.2
2580,170.2
2581,12.5
2582,12.0
2583,70
2584,25.0
2585,0.64
2586,24.0
2587,3.0
2588,21.0
2589,2.0
2590,1.5
2591,26
2592,2955.0
2593,20.0
2594,30.0
2595,400.0000000000001
2596,0
2597,7.95
2598,43.2
2599,60.0
2600,125
2601,3360
2602,1800
2603,21.6
2604,16.0
2605,-3.999999999999996
2606,21.0
2607,2.4999999999999998e-05
2608,640000.0
2609,20.0
2610,24.489795918367342
2611,12.56
2612,1364
2613,225.0
2614,48.0
2615,11.115384615384615
2616,7
2617,1800.0
2618,-720.0
2619,3.076923076923077
2620,0.96
2621,0.2
2622,0.6363636363636364
2623,15
2624,3.5
2625,62.800000000000004
2626,100.48
2627,-120.0
2628,1.8333333333333335
2629,160.0
2630,195.00000000000006
2631,3.0
2632,4.0
2633,74.0
2634,1.2
2635,200.00000000000006
2636,6.0
2637,36738.0
2638,20
2639,0
2640,2.999999999999999
2641,9.0
2642,12
2643,660.0
2644,8.0
2645,32.0
2646,8.0
2647,46.0
2648,1024.0
2649,120.00000000000003
2650,2.0
2651,20.0
2652,4.0
2653,300
2654,-92.3076923076923
2655,2.4
2656,187.50468761719043
2657,136.0
2658,4.5
2659,63.2
2660,37.68
2661,400.0
2662,-4.642857142857143
2663,958.0
2664,270
2665,1728.006912027648
2666,540.0
2667,0.98
2668,34.5
2669,214.66666666666669
2670,0.42105263157894735
2671,800
2672,35.0
2673,25.5
2674,10.9375
2675,35
2676,24.0
2677,2.0
2678,168
2679,206.30204081632652
2680,63.2
2681,12
2682,10.07
2683,14130000000000.0
2684,3140000000000.0
2685,2800
2686,0.15
2687,10.0
2688,25.5
2689,4.0
2690,165.1
2691,5440
2692,0.8333333333333334
2693,246
2694,0.49122807017543857
2695,8.0
2696,122.46000000000001
2697,530
2698,3.0434782608695654
2699,24.0
2700,9.0
2701,3.428571428571429
2702,1200
2703,1.0
2704,84.0
2705,100
2706,4.838709677419355
2707,6.0
2708,6.25
2709,3.7
2710,864.0
2711,12.666666666666666
2712,55.3
2713,720.0
2714,2.0
2715,370
2716,75.36
2717,300.0
2718,18
2719,2.5
2720,2800
2721,1.9285714285714286
2722,19200
2723,2223
2724,20400
2725,18.0
2726,15.000150001500014
2727,17
2728,2220
2729,9.6
2730,139.2
2731,21.0
2732,4.800000000000001
2733,200
2734,5.999999999999999
2735,9.42
2736,7.5
2737,1.0
2738,7.025103034844511
2739,22
2740,3.0
2741,10.714285714285714
2742,3.7
2743,833
2744,40.0
2745,15.0
2746,12.092307692307692
2747,23.333333333333332
2748,299.9999999999997
2749,512
2750,27.571428571428573
2751,15.23076923076923
2752,1000
2753,20.0
2754,10.000000000000004
2755,160.0
2756,1.26
2757,200.0
2758,42
2759,28.0
2760,2.0
2761,294.0009800032667
2762,160.0
2763,432
2764,115.38461538461539
2765,20.8
2766,9.333333333333334
2767,2.0
2768,419
2769,2.5
2770,10.0
2771,43.96
2772,2.0
2773,30
2774,-0.9210526315789473
2775,24
2776,5.0
2777,14.0
2778,100.0
2779,250
2780,-20
2781,7
2782,7.55
2783,8.0
2784,375.0
2785,7.666666666666667
2786,970
2787,24.0
2788,8.0
2789,13.0
2790,6.25
2791,3.888888888888889
2792,1
2793,28.0
2794,1.0
2795,100
2796,16.900000000000002
2797,5.333333333333334
2798,0.059144676979071886
2799,7.035714285714286
2800,2.625
2801,128.0
2802,6.5
2803,1000000.0
2804,3087
2805,246
2806,5.125
2807,15.0
2808,85.71428571428572
2809,16.666666666666668
2810,1507.2
2811,1344
2812,14.952380952380953
2813,6
2814,150.72
2815,0.5
2816,12.0
2817,900.0
2818,1.0
2819,120
2820,3.14
2821,130
2822,360
2823,1.2
2824,1.3636363636363633
2825,70
2826,3200.0
2827,3.0
2828,50.0
2829,16.0
2830,-0.18181818181818182
2831,81
2832,0.1
2833,18
2834,348
2835,7.25
2836,19.333333333333332
2837,919.9999999999999
2838,599.992500093749
2839,0.16666666666666663
2840,14.0
2841,-130.8
2842,30.0
2843,2.0
2844,4.0
2845,37.68
2846,240.0
2847,1.4999925000374998
2848,141.29999999999998
2849,846
2850,9.0
2851,50.24
2852,1.0
2853,0.4
2854,-54.0
2855,0.09090909090909091
2856,9.285714285714286
2857,28
2858,3.0
2859,10.0
2860,5500
2861,308
2862,7.256410256410256
2863,22.05
2864,18.666666666666668
2865,16
2866,9.5
2867,-100.0
2868,4.71
2869,1000
2870,8
2871,6000.0
2872,1188
2873,3.6
2874,50.24
2875,1.3333333333333333
2876,6.0
2877,0.3799999999999999
2878,910
2879,32
2880,5.2
2881,7200
2882,0.96
2883,30.0
2884,80.0
2885,7.5
2886,5.0
2887,1256.0
2888,1380
2889,5024.0
2890,1610.0
2891,270
2892,2.0
2893,8.0
2894,320
2895,0.7
2896,5.0
2897,59.5
2898,11849
2899,1375.0
2900,4
2901,527
2902,119.25
2903,8.333333333333334
2904,7
2905,132.0
2906,34.5
2907,6
2908,50.24
2909,600.0000000000001
2910,14
2911,6
2912,505
2913,66
2914,4.0
2915,160.0
2916,15.333333333333334
2917,150.72
2918,55
2919,450
2920,200.00000000000003
2921,48.0
2922,1.0
2923,6600
2924,1.25
2925,0.25120000000000003
2926,11685
2927,1.0
2928,381
2929,1.0
2930,1320.0
2931,25.0
2932,1393.2
2933,1.5384615384615383
2934,40.68421052631579
2935,138.16
2936,1.5384615384615383
2937,78.5
2938,8.0
2939,0.9999999999999999
2940,2250.0
2941,326
2942,628.0
2943,21
2944,12.0
2945,2260.8
2946,-0.0399800099950025
2947,200
2948,65.0
2949,400.0
2950,30.249974791687674
2951,2.9999999999999996
2952,36.0
2953,16.363636363636363
2954,521.7382230639598
2955,168.75
2956,20
2957,1.9999600000000002
2958,36.0
2959,10.0
2960,3.99996
2961,36.0
2962,41.0
2963,100
2964,50.24
2965,16.0
2966,2
2967,27.0
2968,60.0
2969,70.0
2970,24.0
2971,21.2
2972,60
2973,0.5
2974,2.4
2975,12.0
2976,8.2
2977,125.60000000000001
2978,180
2979,25.0
2980,7.714285714285714
2981,0.946
2982,31.428571428571427
2983,200.0
2984,320.0
2985,124
2986,1.536
2987,22
2988,4.0
2989,3.0
2990,5.6000000000000005
2991,1.6
2992,9.952229299363056
2993,18750.0
2994,600
2995,2.75
2996,320
2997,23.0
2998,18.0
2999,-34.285714285714285
3000,40.0
3001,-240.00000000000006
3002,91.25
3003,188.4
3004,0.58
3005,-40.0
3006,27.0
3007,55
3008,126.0
3009,135.648
3010,82.42500000000001
3011,1.7999999999999998
3012,5.024000000000001
3013,1271
3014,0.785
3015,1250.0000000000002
3016,18.0
3017,40.0
3018,100
3019,45.0
3020,50
3021,85.71428571428571
3022,40
3023,-50.0
3024,18.0
3025,99.99999999999999
3026,7.04002252807209
3027,7200.0
3028,7200.0
3029,8.333333333333334e-10
3030,6000000
3031,742
3032,12.857142857142858
3033,18.0
3034,8.0
3035,165.0
3036,140.0
3037,15.0
3038,0.15
3039,20000
3040,439.6
3041,0.2
3042,-40.00000000000001
3043,3.0
3044,296.29629629629636
3045,15.0
3046,374.0
3047,1680
3048,96.0
3049,0
3050,0.4
3051,148.8
3052,20.2
3053,65.0
3054,10.5
3055,360
3056,400
3057,24.0
3058,675
3059,537.6
3060,1500
3061,624
3062,62.800000000000004
3063,50.239999999999995
3064,20.0
3065,20.0
3066,1600.0
3067,59.9994
3068,140.0
3069,12408
3070,120
3071,236.0
3072,-0.3333333333333333
3073,92.0
3074,4.3
3075,2000.0
3076,25.0
3077,15197.6
3078,18.0
3079,30.0
3080,38.0
3081,120.0
3082,12560.0
3083,0.5024000000000001
3084,12.0
3085,18.0
3086,1866.6666666666667
3087,20
3088,6.0
3089,8
3090,0.98
3091,44.99999999999998
3092,18.0
3093,9.0
3094,12.200000000000001
3095,267.61
3096,31.720000000000002
3097,120000.0
3098,157.0
3099,30000
3100,2.36
3101,100.0
3102,48.0
3103,20.0
3104,648
3105,15.0
3106,45.0
3107,300.0
3108,50.0
3109,5.000090000900008
3110,2.0
3111,53
3112,192
3113,160
3114,470
3115,1.0999999999999999
3116,1071.422510221399
3117,240
3118,6
3119,45
3120,41.5
3121,456
3122,1919.976240190078
3123,0
3124,0
3125,160.0
3126,1424.987625061875
3127,350.0
3128,100
3129,400.0
3130,3250.0
3131,58.446900673092294
3132,10.0
3133,8.5
3134,2000.0
3135,48
3136,150.72
3137,122.46000000000001
3138,640.0
3139,0
3140,0.975
3141,11999.999999999996
3142,6.666666666666667
3143,6.0
3144,8.0
3145,508.0
3146,3.111111111111111
3147,187.5
3148,1.1
3149,600.0
3150,22.0
3151,0.0
3152,9.0
3153,55.0
3154,2.200000000000001
3155,12.0
3156,24.0
3157,0.2769230769230768
3158,120.00000000000003
3159,12.0
3160,20.0
3161,175
3162,19200.0
3163,0.2
3164,1.44
3165,64.0
3166,45.0
3167,78.0
3168,94.0
3169,7.25
3170,20.0
3171,40.0
3172,32.0
3173,15.0
3174,76.0
3175,140
3176,1791
3177,41.0
3178,624
3179,48.0
3180,2700
3181,36.3
3182,5.6
3183,0.6999999999999993
3184,720
3185,1
3186,5.5
3187,121
3188,807
3189,1.6666666666666665
3190,72.0
3191,255
3192,322
3193,60.0
3194,720.0
3195,30.0
3196,2
3197,6400
3198,1800
3199,465
3200,70.0
3201,96.0
3202,3600
3203,4800
3204,2001
3205,37
3206,35
3207,38.8
3208,48.5
3209,85
3210,120
3211,7.5
3212,72
3213,8.0
3214,9.0
3215,75.0
3216,601.0
3217,800
3218,24
3219,130
3220,32
3221,-4
3222,60.0
3223,210.0
3224,360
3225,175
3226,160
3227,3.0
3228,45
3229,9
3230,2520
3231,384
3232,360
3233,123.0
3234,38.0
3235,2460
3236,7902
3237,3250.0
3238,175
3239,85.0
3240,63.0
3241,9900
3242,1158
3243,1160
3244,1600.0
3245,50.0
3246,1820
3247,23.25
3248,1880
3249,3600
3250,280
3251,0.16071428571428573
3252,300
3253,1200
3254,30.0
3255,3.0
3256,25.0
3257,60.0
3258,8.0
3259,4.0
3260,1692
3261,8.0
3262,937.5
3263,24.0
3264,3.0
3265,7.0
3266,8.0
3267,1970
3268,180
3269,186
3270,225
3271,24.0
3272,27.0
3273,7.866666666666666
3274,75.0
3275,336
3276,180.0
3277,35.0
3278,1.4158940397350994
3279,625.0
3280,784.0
3281,5124
3282,6.0
3283,130.0
3284,1208
3285,0.2
3286,-11.0
3287,9.0
3288,53.0
3289,5400
3290,250
3291,218
3292,120.0
3293,9.0
3294,45.0
3295,29.0
3296,86
3297,200.0
3298,800
3299,105
3300,2.3
3301,27
3302,228.0
3303,109.0
3304,99
3305,11.0
3306,447
3307,477
3308,103
3309,39
3310,112
3311,660
3312,84
3313,9.0
3314,31.0
3315,1.5
3316,63.0
3317,315
3318,362
3319,0.125
3320,220
3321,54
3322,605
3323,21.0
3324,7680
3325,60.0
3326,200.0
3327,8250.0
3328,1425.0
3329,240
3330,101.25
3331,22.5
3332,250
3333,720
3334,420
3335,90.0
3336,203.0
3337,31.0
3338,1456.0
3339,576.0
3340,200
3341,720
3342,95.0
3343,4.0
3344,569.0
3345,6.666666666666667
3346,100.0
3347,15.0
3348,601
3349,180
3350,32.0
3351,13.0
3352,13.0
3353,48
3354,39
3355,2600
3356,784
3357,130
3358,60
3359,86
3360,110
3361,520
3362,204
3363,168
3364,35
3365,40
3366,37.0
3367,300
3368,119.0
3369,10.0
3370,13500
3371,2205
3372,1052
3373,123.75
3374,658.0
3375,360.0
3376,12
3377,910
3378,299.99999999999994
3379,1.0
3380,27
3381,1043
3382,105
3383,117
3384,1122
3385,84
3386,239
3387,15.0
3388,2256
3389,25.0
3390,98
3391,432
3392,240.0
3393,60.0
3394,40
3395,130
3396,24
3397,25
3398,60
3399,100
3400,845
3401,90
3402,5.0
3403,52
3404,15
3405,46.0
3406,214
3407,400.0
3408,4.0
3409,20
3410,1.0
3411,5.555555555555555
3412,216
3413,4185
3414,9724.916371681415
3415,207
3416,5.5
3417,10.0
3418,2
3419,1530
3420,52
3421,-6.857142857142857
3422,552
3423,3210
3424,1764
3425,3.0
3426,6240.0
3427,432
3428,8
3429,25.0
3430,3
3431,38.125
3432,3035
3433,7.0
3434,131.0
3435,33.62
3436,7.5000000000000036
3437,8.0
3438,2645
3439,87
3440,0.72
3441,390
3442,1000.0
3443,7
3444,3900
3445,63
3446,700
3447,8.75
3448,7.5
3449,96
3450,1400
3451,172.0
3452,5200
3453,8.25
3454,18
3455,98
3456,0.0
3457,2.7142857142857144
3458,24.000000000000004
3459,8.0
3460,-33.0
3461,3.6
3462,15.0
3463,336
3464,-5
3465,2.8095238095238093
3466,690
3467,180
3468,57.900000000000006
3469,430
3470,5.4
3471,15.0
3472,7.0
3473,1000
3474,26.0
3475,4499.999999999999
3476,23.0
3477,25.0
3478,8.0
3479,600
3480,360
3481,4.88135593220339
3482,33.333333333333336
3483,167.5
3484,800
3485,16.0
3486,5.0
3487,18.0
3488,288
3489,150.0
3490,20
3491,1728
3492,10.666666666666666
3493,882
3494,62.5
3495,15
3496,6.5
3497,0.17608695652173914
3498,0.7999999999999999
3499,6.0
3500,1.0
3501,16
3502,1396
3503,800
3504,4.0
3505,3120
3506,25.0
3507,10.0
3508,275
3509,3200
3510,300.0
3511,420
3512,12.5
3513,250
3514,21.75
3515,5760
3516,352
3517,4
3518,6.25
3519,3500
3520,192
3521,8.0
3522,24.0
3523,5.75
3524,57
3525,500.0
3526,150.0
3527,114.0
3528,4.5
3529,-58
3530,10.0
3531,-4.642857142857143
3532,2.3000000000000003
3533,194
3534,0.2
3535,5.0
3536,9.75
3537,12.0
3538,192
3539,276
3540,50.00025
3541,2400
3542,12180
3543,2600
3544,5.999999999999999
3545,4.0
3546,8.0
3547,1494
3548,588
3549,2000
3550,140
3551,75
3552,15.000000000000004
3553,5050
3554,205
3555,720
3556,316
3557,975.0
3558,250
3559,-22.22222222222222
3560,428
3561,1400
3562,840
3563,8.833333333333334
3564,380.0
3565,174.4
3566,32
3567,2583.0
3568,1488
3569,2000
3570,11.5
3571,6.0
3572,8
3573,35
3574,42
3575,8800
3576,-15.0
3577,1.3333333333333333
3578,8.0
3579,16.666666666666668
3580,3960
3581,80
3582,74
3583,18.0
3584,4050
3585,40.77777777777778
3586,26.666666666666668
3587,-1395.0
3588,6480
3589,1136.0555555555554
3590,4500
3591,52
3592,24.000000000000004
3593,63.0
3594,145
3595,2000
3596,175
3597,5.999999999999999
3598,23
3599,4.0
3600,194
3601,89600
3602,74
3603,817
3604,1500
3605,640
3606,1.0
3607,15
3608,21.0
3609,5.999999999999999
3610,7.2
3611,25
3612,634.1999999999999
3613,41
3614,945
3615,8
3616,480
3617,112.66666666666667
3618,2.56
3619,160
3620,504
3621,5.75
3622,450
3623,221.66666666666669
3624,10.0
3625,4240
3626,102
3627,128.0
3628,1080
3629,21.0
3630,1200
3631,920
3632,660
3633,13000
3634,3575
3635,125.0
3636,70
3637,519
3638,14.814814814814813
3639,300
3640,166
3641,6.333333333333333
3642,108
3643,3330
3644,21.45
3645,23.75
3646,6.0
3647,2450
3648,2.5
3649,690
3650,10
3651,4.0
3652,48.0
3653,250
3654,168
3655,54.0
3656,161
3657,8695.652173913044
3658,70.0
3659,982
3660,24
3661,1850
3662,1.0
3663,51.0
3664,30
3665,566
3666,98
3667,45.0
3668,-13.235294117647058
3669,588
3670,2916
3671,336
3672,13.285714285714286
3673,50
3674,14.391666666666666
3675,640
3676,10665
3677,0.116991643454039
3678,0.9500000000000001
3679,5880
3680,336
3681,880
3682,5.5
3683,6.0
3684,7.5
3685,272.0
3686,1536
3687,100.0
3688,50
3689,384
3690,375.0
3691,20.0
3692,7
3693,39.111111111111114
3694,1118
3695,504
3696,-19.444444444444443
3697,2.0
3698,2350
3699,41.6
3700,1632
3701,1.875
3702,880.0
3703,4.0
3704,1350.0
3705,0.37142857142857144
3706,4500
3707,168.0
3708,9.0
3709,44
3710,5.999999999999999
3711,104
3712,18090
3713,42
3714,600.0000000000001
3715,570
3716,10000
3717,509
3718,12.0
3719,684
3720,13.0
3721,318
3722,655
3723,72
3724,158625
3725,6.888888888888889
3726,24.0
3727,37.5
3728,11.625
3729,5.0
3730,1250
3731,84
3732,560.0
3733,136.0
3734,534
3735,800
3736,107.0
3737,3800.0
3738,640
3739,14000
3740,429
3741,600
3742,728
3743,4710
3744,10
3745,450
3746,212
3747,8.0
3748,625
3749,30.0
3750,2668
3751,32
3752,100
3753,288
3754,1176.0
3755,360
3756,-1.0
3757,52
3758,56
3759,5000
3760,108
3761,96.0
3762,272
3763,3.0
3764,0.41999999999999993
3765,11.875
3766,4.0
3767,2210
3768,300
3769,8
3770,49
3771,2160
3772,108
3773,7.0
3774,600
3775,11.5
3776,10000
3777,23.999999999999996
3778,76475
3779,2.0
3780,138
3781,14.4
3782,11.11111111111111
3783,175.0
3784,4.266666666666667
3785,16.0
3786,23800
3787,68
3788,276
3789,-568.0
3790,1.5384615384615385
3791,3430
3792,126
3793,72
3794,190
3795,93.60000000000001
3796,24.0
3797,18.0
3798,102.0
3799,938
3800,-107910
3801,-0.04081632653061224
3802,8130
3803,3.0
3804,9.0
3805,84
3806,1679
3807,4400
3808,54
3809,13
3810,28.0
3811,576.0
3812,60
3813,44
3814,900
3815,24.0
3816,667
3817,15.0
3818,45
3819,36
3820,1050
3821,20
3822,36
3823,20.0
3824,120
3825,5.166666666666667
3826,1.0
3827,200.0
3828,2160
3829,1770
3830,-0.5535714285714286
3831,43.2
3832,112000
3833,13.333333333333334
3834,360.00000000000017
3835,60.0
3836,768
3837,73
3838,45
3839,2970
3840,1.0
3841,1232
3842,192
3843,8911
3844,1.5
3845,6.0
3846,7.333333333333333
3847,576
3848,15.0
3849,658
3850,90.0
3851,1.0
3852,700
3853,54
3854,3360
3855,175
3856,576
3857,216
3858,455
3859,5.0
3860,960
3861,96
3862,1225
3863,1440
3864,468
3865,3900
3866,1680
3867,375
3868,384
3869,5000
3870,-2.0
3871,40
3872,28.0
3873,1120.0
3874,-10.0
3875,5760
3876,54
3877,120
3878,716
3879,3000
3880,1.0
3881,2.0
3882,24
3883,-92.55555555555556
3884,29
3885,7
3886,216
3887,8.0
3888,80
3889,1200
3890,144
3891,80
3892,1.46
3893,137.5796178343949
3894,15.000000000000004
3895,36
3896,270
3897,9.0
3898,11.666666666666666
3899,6.086956521739131
3900,7
3901,4
3902,40
3903,2800
3904,2.0
3905,30.333333333333332
3906,1
3907,168
3908,14.5
3909,0.36000000000000004
3910,410
3911,6.25
3912,91
3913,140
3914,18414
3915,12064
3916,690
3917,40
3918,3360
3919,312
3920,25.0
3921,610
3922,2100
3923,30.0
3924,50
3925,10.0
3926,6.333333333333333
3927,240.0
3928,225
3929,450.0
3930,52.0
3931,4.08
3932,240.0
3933,-22.285714285714285
3934,95
3935,25.0
3936,1680
3937,11.571428571428571
3938,651
3939,9720
3940,396
3941,1247
3942,5.208333333333334
3943,768
3944,32.6
3945,1.0
3946,136
3947,3.1666666666666665
3948,60.0
3949,-425.0
3950,345
3951,420
3952,2.0
3953,324.0
3954,462
3955,1600
3956,682
3957,62.5
3958,6.0
3959,4.0
3960,102.5
3961,324.0
3962,45.85987261146497
3963,375
3964,437.0
3965,84
3966,239.99999999999986
3967,-2.857142857142857
3968,336
3969,17.999999999999993
3970,8
3971,80.0
3972,45
3973,27840
3974,60.0
3975,40.0
3976,5
3977,48.88888888888887
3978,42.333333333333336
3979,0.0
3980,12
3981,13.88888888888889
3982,4.0
3983,7.0
3984,13.999999999999998
3985,400.0
3986,51.0
3987,0.0
3988,0
3989,-2.0
3990,2100.0
3991,16.0
3992,30600.0
3993,69.0
3994,600.0000000000001
3995,212
3996,18.0
3997,46
3998,600.0
3999,25.0
4000,51.0
4001,10.6
4002,1365
4003,1744
4004,2402
4005,47.99999999999999
4006,76.0
4007,5.5
4008,25.0
4009,1.7777777777777777
4010,320
4011,40.0
4012,47
4013,18.75
4014,28
4015,27.5
4016,20.0
4017,94
4018,9.4
4019,18.400000000000002
4020,18.0
4021,2.0
4022,8.0
4023,230
4024,130.0
4025,600
4026,3046
4027,33.6
4028,-133.33333333333334
4029,25.000000000000007
4030,-16.0
4031,18.0
4032,-15.306122448979592
4033,960.0
4034,17.0
4035,8.0
4036,4.125
4037,61.5
4038,1840.0
4039,174.1
4040,-29.299999999999997
4041,375
4042,50
4043,800
4044,12.0
4045,160
4046,2400
4047,115000
4048,88.0
4049,240
4050,36.0
4051,4.000000000000001
4052,300
4053,18.0
4054,0.06
4055,126
4056,12.0
4057,250
4058,234
4059,288
4060,240.0
4061,3080.0
4062,48
4063,645
4064,6.0
4065,200.0
4066,152
4067,-280.0
4068,20.0
4069,1008
4070,18.799999999999997
4071,1200.0
4072,1.7857142857142858
4073,110.0
4074,1400
4075,182.0
4076,30.0
4077,5.999999999999999
4078,13.25
4079,156.25
4080,4
4081,176.0
4082,965
4083,1682
4084,10.0
4085,180.0
4086,122.66666666666667
4087,1442
4088,1200.0
4089,41.0
4090,48
4091,930
4092,115.0
4093,1.0
4094,9600
4095,3284
4096,2.0
4097,3.0
4098,396.00000000000006
4099,2040
4100,25.0
4101,-0.7894736842105263
4102,800
4103,890.0
4104,69
4105,1600
4106,2250.0
4107,576
4108,61.0
4109,2.75
4110,-20
4111,1.2000000000000002
4112,5.5
4113,37.125
4114,4060
4115,90.0
4116,7.714285714285714
4117,12
4118,12.0
4119,690
4120,24.333333333333332
4121,10.0
4122,44
4123,8.8
4124,12.0
4125,66.66666666666667
4126,5000.0
4127,1130
4128,98
4129,75.0
4130,0.875
4131,722
4132,1095
4133,26.2
4134,10.857142857142858
4135,12.399999999999999
4136,456
4137,2.000000000000001
4138,320.0
4139,14400
4140,42
4141,53.333333333333336
4142,11520.0
4143,810
4144,1112
4145,100.0
4146,11
4147,7
4148,11.3
4149,1163
4150,202
4151,-30
4152,22
4153,504
4154,837
4155,5.2
4156,61.0
4157,424
4158,18.0
4159,6.0
4160,91.42857142857143
4161,40.0
4162,3.1400000000000006
4163,3520
4164,870
4165,514.2857142857143
4166,109
4167,14.0
4168,-8.333333333333334
4169,21.999999999999986
4170,64.0
4171,0.00021258503401360543
4172,301.28
4173,4585.987261146496
4174,1728.0
4175,400
4176,28
4177,189.76
4178,189.76
4179,-3.5
4180,40000.0
4181,11.976047904191615
4182,-104
4183,169
4184,480.0000000000001
4185,12.100000000000001
4186,3.3333333333333335
4187,12.0
4188,6.0
4189,4
4190,4.5
4191,7.849999999999998
4192,-300.0
4193,6.0
4194,125.0
4195,9.42
4196,99.99999999999999
4197,216.0
4198,50.24000000000001
4199,27
4200,1440
4201,3
4202,2
4203,40.0
4204,3.14
4205,18750.0
4206,9.0
4207,610
4208,136.0
4209,20.0
4210,83
4211,11.0
4212,972
4213,30.000000000000007
4214,26.0
4215,30.000000000000007
4216,4.0
4217,34.285714285714285
4218,75.00000000000001
4219,1050
4220,10.0
4221,99.99999999999999
4222,28.000093333644443
4223,384
4224,-48.0
4225,376.8
4226,-77.33333333333333
4227,360.0
4228,10
4229,188.39999999999998
4230,30.0
4231,79.99999999999997
4232,0.0
4233,0.125
4234,5.140000000000001
4235,30
4236,28.513513513513512
4237,3600.0
4238,14
4239,2.8
4240,171.42857142857142
4241,30.0
4242,360
4243,479.99887059089275
4244,20.217391304347828
4245,640
4246,700
4247,9.0
4248,2199
4249,2.0
4250,2.5
4251,81
4252,900
4253,6.45
4254,1.125e-06
4255,1.96
4256,201.6
4257,19
4258,1410
4259,21.666666666666668
4260,10.0
4261,548
4262,34
4263,738
4264,288.0
4265,8.0
4266,0.9000000000000001
4267,52
4268,242
4269,12.850000000000001
4270,3000000
4271,2.0833333333333335
4272,36.0
4273,45.0
4274,28.8
4275,540
4276,110.76923076923076
4277,140
4278,30.0
4279,5472
4280,306.0
4281,122.46000000000001
4282,-1.0108695652173914
4283,50
4284,27
4285,900
4286,32.0
4287,2700
4288,90
4289,267.90697674418607
4290,8
4291,8.999999999999998
4292,11.0
4293,1019463
4294,225.6016042780749
4295,144
4296,1.0
4297,-1035.0
4298,4.0
4299,144.0
4300,6.999999999999999
4301,1.6666666666666667
4302,1440
4303,2275
4304,280
4305,74.87562189054727
4306,7
4307,8
4308,6.4
4309,200.0
4310,79.82142857142857
4311,2000.0
4312,30
4313,-144.0
4314,0.2
4315,0.1
4316,2646.0
4317,-280.00000000000017
4318,47.5
4319,18
4320,187.0
4321,4.0
4322,255
4323,18.0
4324,9.0
4325,75.36
4326,51.46000000000001
4327,2.0
4328,60.00000000000001
4329,-0.62
4330,64
4331,1697325
4332,15
4333,288
4334,342
4335,200.0000000000001
4336,38.4
4337,54.92307692307692
4338,32.0
4339,64
4340,0.08
4341,770
4342,60.0
4343,1500.0
4344,44.0
4345,4.8999999999999995
4346,0.4
4347,-18.2
4348,5.0
4349,5.6
4350,5.0
4351,320.0
4352,6.0
4353,20.0
4354,2.5
4355,2.6
4356,2
4357,102.0
4358,1.3
4359,18.0
4360,200.0
4361,3.2
4362,3.0
4363,3.3333333333333335
4364,1440.0
4365,120.0
4366,20.0
4367,1.8444500000000001
4368,110.0
4369,1.125
4370,0.9166666666666666
4371,106625
4372,6.0
4373,-30.0
4374,-3.0
4375,1.5
4376,19.0
4377,238.81
4378,50.000000000000014
4379,18.0
4380,18.84
4381,100
4382,9.420000000000002
4383,45.0
4384,284
4385,360.0
4386,11.666666666666664
4387,-0.4166666666666668
4388,1125.0
4389,40.0
4390,1999.9999999999982
4391,784
4392,58.8
4393,0.2
4394,18.0
4395,6400
4396,6400
4397,0
4398,6.666666666666667
4399,7.0
4400,28.0
4401,520
4402,192
4403,25.0
4404,85.71428571428572
4405,80.0
4406,80.0
4407,16.8
4408,2
4409,6.0
4410,50.714285714285715
4411,612.3
4412,1.8
4413,142.0
4414,137.33333333333334
4415,40.0
4416,180.00084706280973
4417,80.0
4418,1000
4419,270
4420,5.0
4421,75
4422,12.666540000000001
4423,39.8406374501992
4424,20096.0
4425,3000.0
4426,12600.0
4427,12600.0
4428,125.60000000000001
4429,6.28
4430,565.2
4431,20.0
4432,0.08333333333333333
4433,96
4434,1.0
4435,2400.096003840153
4436,25
4437,9
4438,25.12
4439,3.14
4440,10.714285714285714
4441,2000.0
4442,0.04
4443,706500.0
4444,350.92857142857144
4445,7.5
4446,16.0
4447,144.0
4448,50.24
4449,235.5
4450,28.26
4451,3.0
4452,37.68
4453,2.0
4454,100.0
4455,12
4456,945
4457,13.0
4458,1.0
4459,70.0035001750087
4460,216
4461,141.3
4462,30.0
4463,113.04
4464,125.60000000000001
4465,28.26
4466,12.56
4467,3.14
4468,90.0
4469,840
4470,1080.0
4471,450.0
4472,56.52
4473,0.057999999999999996
4474,30900
4475,602.88
4476,4.0
4477,16
4478,180.0
4479,480
4480,1.5
4481,70.0
4482,602.88
4483,438
4484,240
4485,96.0
4486,4608
4487,3.0
4488,5.0
4489,50.24
4490,78.5
4491,0.8999999999999998
4492,62.800000000000004
4493,14.5
4494,16800
4495,12.0
4496,12.56
4497,21.98
4498,314.0
4499,65.0
4500,263.5
4501,170.00000000000003
4502,2.4
4503,360
4504,64
4505,0.4
4506,62.800000000000004
4507,12.56
4508,15.700000000000001
4509,3982.0
4510,15.0
4511,-4.309252217997465
4512,24
4513,0.0007
4514,6.579999999999999
4515,22.49955000899982
4516,-47.099999999999994
4517,4578.12
4518,65.94
4519,72.25
4520,0.22221999999999997
4521,9.0
4522,800.0
4523,0.0
4524,56
4525,4.8984
4526,587.808
4527,224.0
4528,80.0
4529,1000.0
4530,6.0
4531,150.00000000000003
4532,5000.0
4533,6.0
4534,100.0
4535,0.28
4536,135
4537,2.6666666666666665
4538,0.4998230714791224
4539,219.8
4540,2300
4541,10.19108280254777
4542,5024.0
4543,28.26
4544,2.826
4545,235.5
4546,480000.0
4547,45.5
4548,0.10596026490066225
4549,602
4550,50.24
4551,0.24999999999999994
4552,11.44
4553,120.0
4554,3.2
4555,18.0
4556,160.14000000000001
4557,235.5
4558,-74
4559,45.0
4560,1.0
4561,21.98
4562,1.4999999999999998
4563,25.000000000000007
4564,4.545454545454545
4565,3000
4566,250.0
4567,20.700000000000003
4568,12.56
4569,0.9753846153846154
4570,3.3999999999999986
4571,45216.0
4572,6.28
4573,15.700000000000001
4574,125.60000000000001
4575,4.0
4576,6.0
4577,3014.4
4578,30.144
4579,18.0864
4580,6.666666666666667
4581,18.84
4582,59.9994
4583,60.28800000000001
4584,10.0
4585,6.28
4586,9.42
4587,0.16000000000000003
4588,2900
4589,1399.9916000503997
4590,55.0
4591,1.0
4592,480
4593,2198.0
4594,12.571428571428571
4595,2.9999999999999996
4596,6.666666666666667
4597,6.666666666666667
4598,392
4599,7.9617834394904445
4600,2198.0
4601,125.60000000000001
4602,0
4603,250.00000000000006
4604,2.5120000000000005
4605,3.14
4606,1146.496815286624
4607,67.31108280254777
4608,220.0
4609,15896.04
4610,50.0
4611,628.0
4612,19.625
4613,62.800000000000004
4614,19.500487512187807
4615,9.42
4616,1.4999999999999998
4617,11304.0
4618,240
4619,50.24
4620,12.56
4621,0.5105555555555555
4622,12.0
4623,666.6666666666667
4624,28.26
4625,170.66624
4626,0
4627,3.1400000000000006
4628,150.0
4629,25.0
4630,29.200000000000003
4631,11.25
4632,73.44
4633,12.0
4634,21
4635,30
4636,52.0
4637,153.86
4638,10.000000000000002
4639,7
4640,39.0
4641,0.21499999999999997
4642,25.12
4643,-21.097765145717716
4644,4050
4645,2294
4646,0.125
4647,32.0
4648,31
4649,100.0
4650,4
4651,3.184713375796178
4652,342.85714285714283
4653,35.5
4654,1000
4655,0.628
4656,3990
4657,12.56
4658,28.8
4659,8.4
4660,20.079428553948006
4661,1530000.0
4662,175.84000000000003
4663,14
4664,4.0
4665,94.2
4666,0.37156666666666666
4667,0.0
4668,20
4669,7850.0
4670,32
4671,251.20000000000002
4672,24.8
4673,85.71428571428571
4674,140000
4675,3.0
4676,314.0
4677,0.16
4678,24.30000000000001
4679,28.259999999999998
4680,42
4681,0.58929
4682,0.25
4683,11
4684,1256.0
4685,0.2183803457688808
4686,0.6
4687,160.0
4688,900
4689,0.52
4690,2.6181818181818186
4691,40.0
4692,75.0
4693,0.0
4694,15.700000000000001
4695,87.92
4696,70.0
4697,0.9
4698,24.0
4699,78.5
4700,1177.5
4701,100.48
4702,0.049999999999999996
4703,4.0
4704,6.25
4705,1.5
4706,749.9999999999999
4707,8
4708,469.0
4709,-76
4710,0.24999999999999994
4711,-126.0
4712,237.68
4713,112.0
4714,87.92
4715,2.2199999999999998
4716,6.28
4717,28.26
4718,720
4719,90.1
4720,-0.19999999999999996
4721,562
4722,894
4723,0.21
4724,3.14
4725,56.519999999999996
4726,27.0
4727,20.0
4728,78.5
4729,60.0
4730,10
4731,840.0
4732,1500
4733,36
4734,11200
4735,200.96
4736,200
4737,8.0
4738,0.15000000000000002
4739,1600
4740,25.12
4741,68.295
4742,0.19999241734910525
4743,12.560000000000002
4744,567.000567000567
4745,2382475.0
4746,60.000000000000014
4747,42.0
4748,301.44
4749,175.84
4750,0.0
4751,48
4752,427.04
4753,360.0
4754,4050.0
4755,-700.0
4756,62.800000000000004
4757,20
4758,10.0
4759,13333.333333333334
4760,50.24
4761,3.0000000000000004
4762,0.38
4763,157.0
4764,85.33
4765,40.5
4766,1884.0
4767,1256.0
4768,22.294
4769,200.96
4770,75.36000000000001
4771,50.239999999999995
4772,12.597
4773,450.0
4774,89.99999999999997
4775,20.0
4776,138.16000000000003
4777,23.55
4778,0.125
4779,36
4780,30
4781,87.92
4782,10
4783,-115.20069121105936
4784,564
4785,19625.0
4786,840
4787,0.06
4788,6.666666666666667
4789,0.785
4790,30.000000000000004
4791,47700
4792,78.5
4793,1256.0
4794,108.0
4795,62.800000000000004
4796,706.5
4797,1256.0
4798,210.0
4799,0.2826
4800,1570.0
4801,1256.0
4802,0.04485511796896026
4803,0.07961783439490445
4804,110
4805,552.6400000000001
4806,6311.4
4807,942.0
4808,94.2
4809,1286144.0
4810,113.04
4811,1884.0
4812,62.800000000000004
4813,-58.82352941176471
4814,400.0
4815,216
4816,0.9
4817,0.775
4818,21980.0
4819,51.269225959734904
4820,27.12
4821,120.105
4822,2.5434
4823,20.35
4824,0.9125874125874126
4825,-0.010752688172043012
4826,0.04
4827,5.434782608695653e-07
4828,0.314
4829,810
4830,12.56
4831,2826.0
4832,616
4833,1.0
4834,863.5
4835,80.0
4836,2.198
4837,35.168
4838,78.5
4839,9.42
4840,5.0
4841,3.125
4842,36000
4843,56.0
4844,-6.666666666666664
4845,300.0
4846,12
4847,1.9999999999999984
4848,696.0
4849,384.00384003840037
4850,1.0
4851,1.0
4852,7.5
4853,353
4854,0.53336
4855,30.000000000000007
4856,26.666666666666668
4857,3000
4858,-14
4859,0.03333333333333333
4860,12.0
4861,157.0
4862,5.0
4863,14.331210191082802
4864,0.7407333333333334
4865,12.56
4866,78.5
4867,6.666666666666667
4868,20.1
4869,85.0
4870,56
4871,4.444444444444445
4872,50.0
4873,150720.0
4874,301440.0
4875,251.20000000000002
4876,314.0
4877,251.20000000000002
4878,96000
4879,2.4000000000000004
4880,28.26
4881,8.0
4882,8.571428571428571
4883,0.2
4884,0.06666666666666667
4885,25
4886,24.0
4887,3.0
4888,19.0
4889,1.1428571428571428
4890,2.9999999999999996
4891,10.0
4892,24
4893,2200.0000000000005
4894,50.0
4895,6.0
4896,62.5
4897,5.0
4898,1.5000000000000007
4899,7.500000000000002
4900,192.0
4901,13.0
4902,3.1666666666666665
4903,89.60000000000001
4904,62.800000000000004
4905,62.800000000000004
4906,20.0
4907,2.0
4908,800.0
4909,128
4910,18.0
4911,113.04
4912,12.0
4913,3.0
4914,2.0
4915,13.0
4916,63.0
4917,12.0
4918,1.9999999999999991
4919,160.71428571428572
4920,195.99999999999983
4921,1005.0
4922,12.6
4923,-72.0
4924,5.714314285714286
4925,9.0
4926,1000.0
4927,1530.0
4928,240.0
4929,22
4930,125.00000000000006
4931,3e-06
4932,5.0
4933,-0.7999999999999998
4934,31.5
4935,2.5999999999999996
4936,38.0
4937,-7.205759403792794e+16
4938,0.8235294117647058
4939,3.2499999999999996
4940,-7.200000000000006
4941,84
4942,3.9166666666666665
4943,90.0
4944,67.5
4945,10.000000000000002
4946,3.6000144000576
4947,1839.4904458598728
4948,7.95
4949,7.05
4950,19
4951,10.0
4952,105.0
4953,7.0
4954,576.0
4955,0.2
4956,52.0
4957,12.25
4958,2
4959,50.24
4960,37.68
4961,90.0
4962,0.14
4963,6.0
4964,0.2631578947368421
4965,25.0
4966,83
4967,250
4968,52
4969,62
4970,65
4971,9
4972,68
4973,1.6666666666666679
4974,18
4975,63
4976,12
4977,18
4978,17
4979,7
4980,56
4981,1
4982,84
4983,56
4984,63
4985,12
4986,16
4987,24
4988,18
4989,12
4990,35
4991,18
4992,4.0
4993,6.25
4994,6.0
4995,28.0
4996,3.0
4997,2
4998,94
4999,10
5000,36
5001,27
5002,32
5003,60
5004,78
5005,125
5006,44
5007,23
5008,3
5009,27
5010,12
5011,47
5012,8.0
5013,5.0
5014,7.0
5015,7
5016,6.0
5017,6.0
5018,26
5019,0.125
5020,8.0
5021,28
5022,47
5023,9.0
5024,9.0
5025,47
5026,81
5027,1
5028,28
5029,20
5030,20
5031,46
5032,44
5033,27
5034,17
5035,10
5036,2
5037,11
5038,38
5039,41
5040,8
5041,4
5042,25
5043,31
5044,40
5045,19
5046,3.0
5047,2.0
5048,12
5049,18
5050,13
5051,3
5052,11
5053,25
5054,15.5
5055,2.64
5056,35
5057,90
5058,56
5059,26
5060,37.37894736842105
5061,4
5062,55
5063,55
5064,6.0
5065,18
5066,30
5067,89
5068,97
5069,80
5070,3
5071,51
5072,88
5073,16
5074,24
5075,57
5076,26
5077,4
5078,0.75
5079,7
5080,36
5081,30
5082,155
5083,16
5084,0.76
5085,56
5086,16
5087,24
5088,18
5089,33
5090,32
5091,16
5092,24
5093,120
5094,8
5095,2
5096,8
5097,16
5098,15
5099,18
5100,8
5101,18
5102,6
5103,15
5104,40
5105,18.0
5106,33
5107,7
5108,19
5109,20
5110,82
5111,21
5112,8
5113,27
5114,168
5115,23.0
5116,18.000000000000004
5117,70.0
5118,312.96000000000004
5119,8.0
5120,19.666666666666668
5121,1700
5122,1200.0
5123,6.0
5124,2953.3333333333335
5125,52
5126,8.0
5127,4
5128,700.0000000000001
5129,11.25
5130,25.0
5131,3125.0
5132,266
5133,12.0
5134,20.0
5135,30.0
5136,21.0
5137,1.0
5138,8.571428571428573
5139,47.1
5140,6.28
5141,3.14
5142,52.0
5143,1791
5144,4.0
5145,6.4
5146,-80.0
5147,1666.6666666666665
5148,40192.0
5149,5
5150,1232.0
5151,41.0
5152,4000.000000000001
5153,16
5154,14.580000000000002
5155,4860
5156,69.5
5157,40.0
5158,90
5159,240.0
5160,40.0
5161,255.0
5162,8
5163,4.525
5164,800.0
5165,6.666666666666667
5166,24.0
5167,576.0
5168,18.0
5169,1227.74
5170,344.0
5171,6.28
5172,1.008
5173,1000
5174,29.999999999999993
5175,54.0
5176,10.0
5177,12.0
5178,25240.576
5179,45.0
5180,28.0
5181,0.5
5182,5000
5183,60
5184,27.000000000000004
5185,2.0
5186,800
5187,159.09090909090912
5188,0.014
5189,1300000000
5190,3.0
5191,16.0
5192,12.0
5193,10.0
5194,52.500000000000014
5195,0
5196,151.66666666666663
5197,18.0
5198,16
5199,8.100000000000001
5200,959.9999999999999
5201,0.04800000000000001
5202,324.0
5203,-14.0
5204,8
5205,36.3
5206,5.0
5207,300
5208,10.0
5209,0.21500000000000002
5210,60.0
5211,0.48
5212,-118.5185185185185
5213,20.0
5214,61.2
5215,0.0625
5216,-1.25
5217,3.14
5218,17.666666666666668
5219,31.400000000000002
5220,300
5221,6.0
5222,180.0
5223,20.0
5224,3600.0
5225,36.0
5226,75
5227,7
5228,64.0
5229,2000.0000000000011
5230,125.9
5231,12.0
5232,27.3
5233,24.000000000000004
5234,3360
5235,900
5236,2672.0
5237,3.14
5238,42
5239,9
5240,6.5
5241,2300
5242,600
5243,12.56
5244,2133.3333333333335
5245,64.0
5246,45.0
5247,78.0
5248,94.0
5249,9.23076923076923
5250,7.25
5251,20.0
5252,40.0
5253,32.0
5254,15.0
5255,76.0
5256,5.6
5257,60
5258,3
5259,17.5
5260,135
5261,837.5634517766498
5262,140.0
5263,500
5264,0.30000000000000004
5265,95.0
5266,7.0
5267,116.25
5268,3599.85
5269,21
5270,3.0
5271,6.666666666666668
5272,1.5
5273,36
5274,66.66666666666667
5275,68.57142857142857
5276,150.0
5277,7459.200000000001
5278,11.75
5279,4560.0
5280,7
5281,0.32
5282,72
5283,1710
5284,200.00000000000006
5285,47100.0
5286,200.96
5287,31.400000000000002
5288,15.0
5289,30.000000000000007
5290,108.0
5291,1.7142857142857142
5292,-48804.75
5293,600.0
5294,1
5295,384.0
5296,11.11111111111111
5297,9.0
5298,13.5
5299,1.44
5300,50.4
5301,800.0
5302,-29.03225806451613
5303,-400
5304,27.31707317073171
5305,396.0
5306,12.0
5307,92
5308,3999.9999999999964
5309,0
5310,0
5311,16.8
5312,12
5313,10.6
5314,22.8
5315,628.0
5316,204.0
5317,10
5318,160.0
5319,4800
5320,2900.0
5321,12.0
5322,48.0
5323,8.635000000000002
5324,-128.74
5325,1110
5326,50.0
5327,9.0
5328,120.0
5329,22980.64888803312
5330,151.006711409396
5331,-31.4
5332,10000
5333,-2.857142857142857
5334,36.0
5335,16000
5336,180
5337,219.1304347826087
5338,51.0
5339,80
5340,423.0
5341,600
5342,36.2
5343,384
5344,37.68
5345,56.52000000000001
5346,10.0
5347,108.0
5348,14.0
5349,250.0
5350,1920.0
5351,-27.160493827160494
5352,80
5353,3999
5354,5.888888888888889
5355,100
5356,20.0
5357,0
5358,230.0
5359,19.999999999999996
5360,15700.0
5361,5
5362,8
5363,980.0
5364,10.0
5365,21.428571428571427
5366,200
5367,22.5
5368,401.92
5369,0.0
5370,5160
5371,3.0
5372,9999.999999999998
5373,540.0
5374,4.0
5375,25.0
5376,-60.0
5377,10
5378,2565.0
5379,200.0
5380,0.25
5381,40.0
5382,37.037037037037045
5383,1056
5384,70.0
5385,100.0
5386,3.0
5387,640
5388,6.625
5389,13.5
5390,15.333333333333334
5391,162.99335802066065
5392,6.3
5393,27
5394,0.75
5395,1.6
5396,200
5397,2888.0
5398,131.0
5399,-1.044776119402985
5400,455
5401,1250.0
5402,13.0
5403,153.0
5404,54
5405,6.72
5406,216.0
5407,160.0
5408,21000.0
5409,378.0
5410,30
5411,80.0
5412,25.6
5413,89
5414,392.5
5415,19083.6
5416,4
5417,1344
5418,480
5419,1680
5420,1680
5421,2.5
5422,1000000.0
5423,90.0
5424,2.064
5425,3.75
5426,1.0714285714285714
5427,8.0
5428,60.0
5429,900
5430,64
5431,30.0
5432,0.009375
5433,0
5434,4999999.999999999
5435,1200
5436,180
5437,108.0
5438,3600
5439,4.0
5440,512
5441,6.0
5442,60.0
5443,48
5444,6
5445,0.2
5446,38
5447,8.7
5448,2.7
5449,14.525
5450,16.0
5451,96.0
5452,1.404
5453,510
5454,640
5455,24
5456,0.08
5457,6.72
5458,314.0
5459,50
5460,-20.000000000000004
5461,6.28
5462,10.4
5463,1035.0
5464,4.2
5465,80.0
5466,10
5467,0.8666666666666667
5468,1.7
5469,25.900000000000002
5470,8
5471,80.0
5472,18.0
5473,180
5474,26.666666666666664
5475,56.666666666666664
5476,0.4
5477,8
5478,3500.0
5479,18000
5480,2400.0
5481,8
5482,72.0
5483,1.5
5484,1.5
5485,13.5
5486,0
5487,2.6785714285714284
5488,110
5489,59.999999999999964
5490,29
5491,-5
5492,2
5493,53
5494,200.0
5495,42.0
5496,100.0
5497,-7.0
5498,450
5499,3750
5500,7.090322580645162
5501,92.0
5502,9.0
5503,1200.0
5504,3.8260869565217392
5505,-262.5
5506,7.5
5507,1650.0
5508,305
5509,20.0
5510,9
5511,840.0
5512,64
5513,6.333333333333333
5514,190
5515,20.0
5516,5000.0
5517,1200.0
5518,-0.6896551724137931
5519,256.50000000000006
5520,32
5521,288
5522,2250000
5523,2080.0
5524,45.0
5525,4.0
5526,420.0000000000001
5527,88
5528,27.4
5529,1403.4747081712062
5530,52.0
5531,2200.0
5532,5180.0
5533,48.0
5534,5.5
5535,10.5
5536,5400.0
5537,0
5538,1.3000000000000003
5539,120.0
5540,3500.0
5541,90.0
5542,9.0
5543,428
5544,1.5
5545,12.0
5546,35.7
5547,73.0
5548,3.0
5549,144.0
5550,900
5551,384.0
5552,10.285714285714286
5553,15.0
5554,40.00000000000001
5555,6600
5556,96
5557,85
5558,1.0000000000000004
5559,12.0
5560,240000.0
5561,300.0
5562,13200.0
5563,760.0
5564,11.999999999999998
5565,30
5566,2.4999999999999996
5567,45
5568,8000
5569,5.0
5570,1940
5571,30.0
5572,153.84615384615384
5573,16845
5574,166.66666666666666
5575,-13.0
5576,10.0
5577,49.12624203821656
5578,18.6
5579,140.0
5580,8.16
5581,32.0
5582,118.0
5583,140
5584,120
5585,2.9999999999999996
5586,27.857142857142858
5587,420.0
5588,360
5589,29
5590,3.0
5591,2250.0
5592,195
5593,1080
5594,50.0
5595,72
5596,442.5
5597,82.76470588235294
5598,5.529411764705882
5599,900
5600,480.0
5601,4375
5602,1787.9999999999998
5603,2.5899280575539567
5604,64
5605,92.5
5606,4240
5607,6.0
5608,120.0
5609,1280
5610,55.8
5611,-79.05882352941175
5612,500
5613,2550750.0
5614,6
5615,188.4
5616,3.14
5617,154560
5618,0.3
5619,5.1
5620,16.916666666666668
5621,6280.0
5622,66.725
5623,2.0
5624,28.0
5625,12.0
5626,50400.0
5627,280
5628,9.0
5629,264.0
5630,250
5631,1153
5632,44.0
5633,3420.0
5634,50.00000000000001
5635,471.0
5636,450.0
5637,942.0
5638,36
5639,10.0
5640,225.0
5641,101.19999999999993
5642,2592
5643,30.0
5644,10.0
5645,150.0
5646,6.285714285714286
5647,28.26
5648,105.0
5649,120.0
5650,0
5651,28.26
5652,600.0
5653,375.0
5654,1.5
5655,105.0
5656,500
5657,3.0
5658,-14.35897435897436
5659,2.6
5660,0.0
5661,20.0
5662,80.0
5663,0.625
5664,2.4
5665,128.0
5666,29.999999999999993
5667,150.0
5668,0
5669,3.0
5670,500.0
5671,22.0
5672,3000.0
5673,60.0
5674,1000.0
5675,628.0
5676,5046.0
5677,14
5678,31
5679,1500.0
5680,500.0
5681,302250.0
5682,18.84
5683,2.0
5684,60000.0
5685,42.39
5686,0
5687,696
5688,9796.8
5689,22.5
5690,25.0
5691,1999.9999999999998
5692,15.666666666666666
5693,53
5694,270.0
5695,-110.0
5696,525
5697,2800
5698,23.999999999999996
5699,0
5700,11.44
5701,12.0
5702,50.0
5703,5.0
5704,1100.0000000000007
5705,400
5706,65.5
5707,105.88235294117648
5708,0.20693069306930692
5709,13900.0
5710,1107.0
5711,4
5712,64.0
5713,800
5714,1.1000000000000014
5715,21980.0
5716,113.0
5717,4
5718,192
5719,10.0
5720,945
5721,18.84
5722,15
5723,5.0
5724,945.0
5725,105
5726,3.6
5727,600
5728,8.0
5729,8
5730,9.0
5731,-1400.0000000000002
5732,224
5733,131.2
5734,5702.0
5735,37
5736,690.8000000000001
5737,400
5738,3430
5739,9.0
5740,1
5741,6.3999999999999995
5742,206
5743,15.000000000000004
5744,600.0
5745,0.0
5746,64.0
5747,8.0
5748,2000.0
5749,40.82000000000001
5750,702
5751,332
5752,300.0
5753,215.0
5754,290
5755,90.0
5756,150
5757,23.0
5758,20.0
5759,18.0
5760,25.0
5761,0.75
5762,299.99999999999994
5763,98.00000000000001
5764,35.4
5765,2.6
5766,1680.0
5767,0
5768,840
5769,260
5770,0
5771,200.0
5772,22.058823529411764
5773,449.59276018099536
5774,37.5
5775,3.0
5776,50.000000000000014
5777,900.0000000000002
5778,24.0
5779,9.88
5780,56.0
5781,9.999999999999998
5782,96
5783,6.0
5784,20.0
5785,1450
5786,2
5787,44.0
5788,11.275
5789,200.0
5790,110.0
5791,22
5792,10800
5793,9020.0
5794,40.0
5795,243
5796,84
5797,6.0
5798,4000.0
5799,6.48
5800,540
5801,8.0
5802,100.0
5803,83.04
5804,3.0
5805,3.0
5806,0
5807,0
5808,60.0
5809,78.2
5810,18.0
5811,-0.7515723270440251
5812,11
5813,1350.0
5814,764
5815,20.25
5816,57.857142857142854
5817,104.0
5818,2.0
5819,89.99999999999999
5820,13.499999999999998
5821,81
5822,0.0
5823,38
5824,21
5825,14.999999999999998
5826,8.0
5827,3.0
5828,240.0
5829,20762.0
5830,2550
5831,-10.0
5832,5550
5833,8
5834,500.0
5835,1500.0
5836,62800.0
5837,4.0
5838,4.71
5839,6.28
5840,36
5841,8
5842,100.0
5843,17.0
5844,-106
5845,48.5
5846,38.8
5847,1600
5848,140.0
5849,1.1500000000000001
5850,11.0
5851,62.400000000000006
5852,29.0
5853,8640
5854,0.8333333333333334
5855,9750.0
5856,150000
5857,4000
5858,2940
5859,24
5860,7
5861,0.7999999999999998
5862,126.7
5863,689.9999999999999
5864,42.0
5865,4.579999999999999
5866,2699.9999999999995
5867,3.0
5868,0.4
5869,2.67
5870,15.0
5871,12.0
5872,120.0
5873,2
5874,50.0
5875,0.025120000000000003
5876,32
5877,72
5878,0.5
5879,450.0
5880,-12.0
5881,501
5882,7.5
5883,998
5884,23.999999999999996
5885,100.00059999999999
5886,13.333333333333334
5887,7.500000000000001
5888,3000.0
5889,53.0
5890,26
5891,150
5892,39.0
5893,121.8
5894,2000
5895,18432
5896,321.42857142857144
5897,3.3499999999999996
5898,5460
5899,17.5
5900,13.5
5901,6.0
5902,3.3333333333333335
5903,1.875
5904,23400
5905,182.0
5906,234
5907,7.0
5908,48
5909,7.0
5910,49
5911,9
5912,16.0
5913,33
5914,25
5915,8
5916,3.0
5917,7.0
5918,50
5919,60
5920,74
5921,8.0
5922,8.0
5923,18
5924,18
5925,0.75
5926,36
5927,10
5928,694
5929,1021
5930,5.0
5931,800
5932,3.0
5933,72
5934,42
5935,26
5936,73
5937,8
5938,6
5939,35
5940,12
5941,20
5942,10
5943,15
5944,10
5945,10
5946,10
5947,42
5948,38
5949,56
5950,3
5951,4.0
5952,12
5953,11
5954,13.5
5955,42
5956,21
5957,32
5958,82
5959,44
5960,6
5961,62
5962,12
5963,36
5964,54
5965,24
5966,16
5967,53
5968,41
5969,3.0
5970,72
5971,53
5972,4.0
5973,1.0
5974,6.0
5975,6.0
5976,28.0
5977,3.0
5978,2.0
5979,1.3333333333333333
5980,-3
5981,38
5982,1.5
5983,4.0
5984,22
5985,60
5986,9
5987,34
5988,17
5989,27
5990,10
5991,-28
5992,4
5993,-14
5994,18
5995,3.333333333333333
5996,6.0
5997,4.0
5998,8.0
5999,5.0
6000,7.0
6001,21
6002,6.0
6003,6.0
6004,26
6005,47
6006,3.0
6007,9.0
6008,47
6009,81
6010,7
6011,28
6012,20
6013,20
6014,46
6015,44
6016,27
6017,8
6018,4
6019,25
6020,31
6021,40
6022,19
6023,3.0
6024,2.0
6025,12
6026,18
6027,13
6028,3
6029,11
6030,25
6031,31
6032,66
6033,35
6034,90
6035,56
6036,26
6037,81
6038,55
6039,6.0
6040,97
6041,51
6042,88
6043,16
6044,24
6045,57
6046,26
6047,-4
6048,26
6049,1.84
6050,20
6051,26
6052,31
6053,27
6054,15
6055,88
6056,57
6057,1.3333333333333333
6058,16
6059,8.0
6060,81
6061,81
6062,37
6063,79
6064,24
6065,-18
6066,23
6067,27
6068,42
6069,6
6070,7
6071,6
6072,24
6073,80
6074,4.333333333333334
6075,20.0
6076,4.0
6077,1.25
6078,3.0
6079,25.0
6080,8.0
6081,6.0
6082,22
6083,73
6084,41
6085,37
6086,45
6087,19
6088,24
6089,31
6090,42
6091,11
6092,84
6093,40
6094,44
6095,30
6096,20
6097,35
6098,45
6099,25
6100,8
6101,1.0
6102,14
6103,39
6104,-5
6105,72
6106,34
6107,9.0
6108,6.0
6109,3.0
6110,18
6111,4
6112,19
6113,10
6114,7.0
6115,7
6116,36
6117,30
6118,155
6119,16
6120,19
6121,56
6122,16
6123,18
6124,33
6125,28
6126,16
6127,24
6128,120
6129,8
6130,2
6131,8
6132,16
6133,15
6134,18
6135,8
6136,18
6137,6
6138,15
6139,40
6140,18.0
6141,20
6142,82
6143,16
6144,27
6145,21
6146,8
6147,-3
6148,172
6149,2.0
6150,0.5714285714285714
6151,80
6152,68
6153,14
6154,20.0
6155,45.0
6156,2700
6157,129
6158,534
6159,798
6160,3.6666666666666665
6161,260
6162,50.0
6163,5.5
6164,80.0
6165,0.4
6166,94.0
6167,1791
6168,528
6169,720
6170,121
6171,49
6172,4
6173,1620
6174,30.0
6175,51.42857142857143
6176,175
6177,2400
6178,0.5999999999999999
6179,7.0
6180,38.0
6181,27.0
6182,352
6183,40
6184,850
6185,555
6186,61
6187,4360
6188,560
6189,543
6190,-253
6191,85
6192,450
6193,90.0
6194,95
6195,1880
6196,240
6197,5100
6198,1008
6199,6
6200,24.0
6201,48.0
6202,4.0
6203,24
6204,40.0
6205,40
6206,136
6207,9.0
6208,100
6209,1.7058823529411764
6210,78
6211,136
6212,358
6213,74
6214,150
6215,2700
6216,99
6217,50.0
6218,24
6219,36
6220,477
6221,1.1494252873563218
6222,129
6223,39
6224,14
6225,3.875
6226,284
6227,9.0
6228,2
6229,108
6230,315
6231,209
6232,0.125
6233,220
6234,14
6235,2200
6236,98
6237,96
6238,113
6239,16
6240,180
6241,33
6242,210
6243,5.0
6244,5
6245,655
6246,278
6247,88
6248,395
6249,150
6250,5.428571428571429
6251,1.375
6252,156
6253,200.0
6254,144.0
6255,146
6256,78.0
6257,400.0
6258,6
6259,25.0
6260,11.0
6261,26.5
6262,225.0
6263,3430
6264,91.0
6265,40.714285714285715
6266,9.0
6267,6
6268,21.0
6269,540
6270,4000
6271,120
6272,800.0
6273,77
6274,41.2
6275,600
6276,2.0
6277,63.0
6278,250.0
6279,4.0
6280,5.0
6281,344
6282,186.0
6283,10.0
6284,4.199999999999999
6285,1.34
6286,2.119999999999999
6287,21.0
6288,210
6289,32
6290,24
6291,480.0
6292,-13.84
6293,47.5
6294,87.0
6295,8.0
6296,40
6297,75
6298,67.7
6299,170.10000000000002
6300,22.4
6301,12.0
6302,850
6303,170.0
6304,64.0
6305,165.0
6306,14910.0
6307,315
6308,6.0
6309,74
6310,157
6311,64.0
6312,1.0
6313,21
6314,90
6315,0.5
6316,72.0
6317,14
6318,39000
6319,400
6320,250
6321,64.0
6322,4200
6323,308
6324,-6.25
6325,72
6326,56.0
6327,2260
6328,260
6329,2940
6330,6120
6331,7440
6332,710
6333,13650
6334,4800.0
6335,696.0
6336,125.0
6337,900.0
6338,9.0
6339,40.0
6340,160
6341,48.0
6342,160
6343,600
6344,2200
6345,1.23076923076923
6346,6.428571428571429
6347,9.0
6348,48.0
6349,2.0
6350,20.0
6351,3600
6352,12.333333333333334
6353,7.5
6354,250.0
6355,5.0
6356,12.0
6357,1200.0
6358,16.0
6359,15.0
6360,18.0
6361,110.0
6362,14945.0
6363,8
6364,2.5714285714285716
6365,1.35
6366,5.999999999999999
6367,8.0
6368,265.8333333333335
6369,758
6370,30.0
6371,18.0
6372,45.0
6373,0.3333333333333333
6374,8.0
6375,107.0
6376,714
6377,1872
6378,18.0
6379,10.0
6380,13.714285714285714
6381,20.0
6382,12.0
6383,7000
6384,2.0
6385,100.0
6386,78.0
6387,6000
6388,-6.25
6389,0.6
6390,60.0
6391,0.6
6392,4.5
6393,12.0
6394,100.0
6395,35.0
6396,6720.0
6397,2346.026666666667
6398,5.3
6399,1428
6400,158
6401,0.125
6402,50.0
6403,6.0
6404,200.0
6405,240.0
6406,675
6407,900
6408,660
6409,20000
6410,12000
6411,0.7
6412,1000
6413,0.034999999999999996
6414,0.4
6415,108.78
6416,140.1
6417,51.400000000000006
6418,1950.0
6419,2.0
6420,540
6421,2832
6422,1980
6423,45.0
6424,35.0
6425,6
6426,750
6427,180.0
6428,-5040
6429,26
6430,11.833333333333334
6431,8.0
6432,35.0
6433,120.0
6434,145.0
6435,120.0
6436,288.0
6437,4050
6438,18.0
6439,17.0
6440,1200
6441,6
6442,800
6443,49.99999999999999
6444,40
6445,1265.24
6446,9.419999999999998
6447,188.8
6448,6.0
6449,25.0
6450,349.44
6451,32.0
6452,38
6453,19.0
6454,121.66666666666667
6455,10.799999999999983
6456,90.0
6457,4.2
6458,480
6459,1440
6460,120.0
6461,120.0
6462,40
6463,110.0
6464,3000.0
6465,80.0
6466,3.5
6467,10.0
6468,-99
6469,2
6470,20.0
6471,40.0
6472,16
6473,8
6474,6.666666666666667
6475,4.0
6476,33.0
6477,8.375
6478,4.0
6479,4.0
6480,24.0
6481,-14.29203539823009
6482,48.0
6483,22524
6484,0.17647058823529413
6485,300.0
6486,8.0
6487,1.0
6488,240
6489,8
6490,4.0
6491,140
6492,300.0
6493,35.0
6494,8.0
6495,62.800000000000004
6496,118.0
6497,12383.657599999999
6498,29.8
6499,24.2
6500,44
6501,6.0
6502,6.666666666666667
6503,5.333333333333334
6504,24.0
6505,600.0
6506,139.0
6507,180
6508,95.0
6509,16.0
6510,35
6511,140
6512,1.0
6513,335
6514,-4.324324324324325
6515,4.0
6516,242
6517,3.5294117647058822
6518,8.95
6519,3050
6520,17.0
6521,1568
6522,5.172413793103448
6523,1.73
6524,188
6525,5.5
6526,719.9999999999995
6527,31.5
6528,62.0
6529,91
6530,1050.0
6531,882.0
6532,32
6533,6.0
6534,2700
6535,30
6536,176.0
6537,54.0
6538,170
6539,15.0
6540,160
6541,1.0
6542,1680
6543,222
6544,5.0
6545,282
6546,2500
6547,100
6548,147
6549,375
6550,16
6551,1872
6552,206
6553,9.435483870967742
6554,4
6555,648
6556,133
6557,27000
6558,69
6559,4.325581395348837
6560,15.0
6561,660
6562,2.2700000000000005
6563,15.4
6564,88
6565,35
6566,78
6567,17.6
6568,22875
6569,80.0
6570,4.6875
6571,45
6572,100.0
6573,8100
6574,12.5
6575,1908
6576,900
6577,170.1
6578,4410
6579,8.333333333333334
6580,40.0
6581,360.0
6582,85
6583,2520
6584,4.166666666666667
6585,9.0
6586,576
6587,36.0
6588,41.895
6589,8.666666666666666
6590,1344
6591,1330
6592,40
6593,130
6594,900
6595,85.0
6596,128
6597,6.7
6598,306
6599,2730
6600,2688
6601,2250
6602,52
6603,328.0
6604,38.4
6605,215
6606,18750
6607,120
6608,18.5
6609,18.0
6610,62.0
6611,248
6612,4.166666666666667
6613,24
6614,48
6615,525
6616,624
6617,825
6618,36.875
6619,356
6620,29.1
6621,9.0
6622,4.0
6623,1
6624,1320
6625,6.0
6626,13000
6627,557.0
6628,600
6629,225
6630,824
6631,13.2
6632,72.0
6633,69.5
6634,37.5
6635,6.5
6636,10.0
6637,-6.0
6638,24.0
6639,23800
6640,75.0
6641,0.002
6642,1610
6643,30
6644,552
6645,2.0
6646,6800.0
6647,6960
6648,13870
6649,33
6650,414
6651,48
6652,10.0
6653,615
6654,231
6655,10.100000000000001
6656,23.0
6657,20.0
6658,205
6659,540
6660,25.0
6661,266
6662,4.0
6663,7.0
6664,285.0
6665,8.0
6666,126
6667,832
6668,499.9999999999999
6669,262
6670,1050
6671,1872
6672,36.0
6673,237.5
6674,138
6675,291.0
6676,28.0
6677,145
6678,3600
6679,770
6680,60.0
6681,1000.0
6682,472
6683,21.466666666666665
6684,404
6685,128.0
6686,525
6687,4.2
6688,294.0
6689,732
6690,11.25
6691,49
6692,2.1
6693,560
6694,240
6695,56
6696,20.0
6697,675
6698,1152
6699,10.3
6700,47
6701,600
6702,980
6703,349
6704,4840
6705,25.0
6706,45.0
6707,23.0
6708,18.72
6709,0.8792000000000001
6710,18000
6711,10
6712,97
6713,8
6714,22
6715,7
6716,16
6717,17
6718,18
6719,13
6720,85
6721,3216
6722,375.0
6723,125.0
6724,248
6725,2440
6726,400
6727,56.55555555555556
6728,18.0
6729,0.6
6730,21
6731,29
6732,8
6733,12
6734,19
6735,48
6736,52
6737,79
6738,24
6739,96
6740,10
6741,41
6742,21
6743,32
6744,12
6745,15
6746,2
6747,3
6748,30
6749,32
6750,21
6751,4
6752,29
6753,35
6754,24
6755,80
6756,37
6757,8
6758,29
6759,17
6760,35
6761,45
6762,6
6763,20
6764,4
6765,48
6766,8
6767,30
6768,4
6769,4
6770,6
6771,6
6772,2223
6773,60
6774,20
6775,6
6776,5.1
6777,15.299999999999999
6778,-11.799999999999999
6779,7
6780,11
6781,17
6782,45
6783,43
6784,12
6785,1260
6786,94
6787,50
6788,8
6789,59
6790,87
6791,6
6792,18
6793,79
6794,54
6795,10
6796,38
6797,24
6798,35
6799,39
6800,61
6801,20
6802,140
6803,22
6804,14
6805,78
6806,40
6807,50.0
6808,72
6809,27
6810,37
6811,26
6812,50
6813,42
6814,33
6815,47
6816,48.5
6817,25
6818,47
6819,98
6820,33
6821,11
6822,31
6823,120
6824,61
6825,15
6826,30
6827,38
6828,28
6829,28
6830,33
6831,119
6832,57
6833,14
6834,36
6835,42
6836,46
6837,16
6838,24
6839,12
6840,13
6841,35
6842,11
6843,6
6844,13
6845,0
6846,8
6847,18
6848,3.0
6849,18
6850,14
6851,17
6852,3
6853,1.0
6854,24
6855,17
6856,9
6857,8
6858,27.551999999999992
6859,178
6860,1360
6861,60
6862,50.0
6863,810
6864,680
6865,8.0
6866,48
6867,0.95
6868,4592
6869,200.0
6870,128.0
6871,304
6872,3290
6873,1500
6874,3600.0
6875,144
6876,11.999999999999998
6877,5.2
6878,260
6879,46.66666666666667
6880,40.0
6881,0.0375
6882,108
6883,4
6884,300.00000000000006
6885,160.0
6886,160.0
6887,792
6888,20.0
6889,9.1
6890,38
6891,60
6892,40.0
6893,2700
6894,2.0000000000000004
6895,522
6896,8.0
6897,1680
6898,5651.999999999999
6899,2000
6900,36
6901,0.6000000000000005
6902,188.39999999999998
6903,58
6904,1.0
6905,204.0
6906,8.0
6907,139.5
6908,59
6909,625
6910,37
6911,405.0
6912,40.0
6913,0.96
6914,0.9272727272727272
6915,0.2
6916,388.84684864
6917,12
6918,77.76
6919,10.8
6920,8
6921,1224.0
6922,30
6923,27
6924,3025
6925,32
6926,14.0
6927,5499.999999999999
6928,8
6929,1296
6930,179425.55555555556
6931,7.2
6932,70.0
6933,40.0
6934,0.19999999999999973
6935,13.0
6936,18.0
6937,40.0
6938,7
6939,4.0
6940,0.25
6941,170
6942,0
6943,1.15
6944,11.235955056179774
6945,28
6946,10.000000000000002
6947,0
6948,53.0
6949,37.5
6950,99.99999999999999
6951,31.400000000000002
6952,324
6953,126
6954,3.3000000000000003
6955,45.0
6956,10.0
6957,0.6
6958,9.0
6959,-28.22964871823186
6960,50
6961,96.0
6962,7500
6963,296
6964,5.0
6965,12.5
6966,28.0
6967,5679.1296
6968,44.0
6969,30.0
6970,20.0
6971,20.0
6972,7.2
6973,32
6974,36.0
6975,160.0002
6976,13.333333333333334
6977,11
6978,96
6979,40
6980,28.0
6981,6.0
6982,950
6983,6000
6984,0.3333333333333333
6985,72.0
6986,-2400
6987,68.0
6988,-1.0526315789473684
6989,35.0
6990,4500.0
6991,320
6992,40.0
6993,5
6994,270
6995,-1195
6996,1300
6997,5.280000000000001
6998,15.0
6999,3900
7000,7.0
7001,0.4666666666666666
7002,0.5
7003,20.0
7004,512
7005,10.0
7006,300
7007,180
7008,0.36
7009,4.800000000000001
7010,-420.0
7011,9.8596
7012,625.0
7013,300.00000000000006
7014,24.99981
7015,3648
7016,1500.0
7017,4.0
7018,25.2
7019,1620
7020,32.0
7021,100.47999999999999
7022,100.0
7023,84.0
7024,0.3
7025,6
7026,180
7027,2.612
7028,0.16666666666666666
7029,1004.8000000000002
7030,100.00000000000003
7031,-19.999999999999996
7032,24
7033,59.999880000240005
7034,0.25
7035,24.0
7036,4.800000000000001
7037,0.05568268497330282
7038,512.0
7039,717
7040,6.000024000096
7041,780
7042,770.0
7043,345.0
7044,60.0
7045,8.1
7046,270
7047,96.0
7048,60.0
7049,-0.6666666666666667
7050,158.13
7051,1560.0
7052,5.333333333333333
7053,2.0
7054,16
7055,80.0
7056,28.26
7057,0.1
7058,18.0
7059,0.027999999999999997
7060,0.9523809523809523
7061,2.4615384615384617
7062,22.8
7063,38.4
7064,1.5
7065,3.7
7066,2800.0
7067,1.9666666666666668
7068,12.0
7069,27.333190000000002
7070,37.68
7071,5
7072,350.0
7073,12.5
7074,0.32
7075,5.232558139534884
7076,60.0
7077,50.000000000000014
7078,2500
7079,1.5
7080,22.999999999999996
7081,120.0
7082,60.0
7083,1050
7084,15.000000000000004
7085,1.2
7086,-600
7087,4.65
7088,4
7089,35.0
7090,96.0
7091,119.8
7092,9
7093,2592.0
7094,22.857142857142854
7095,240.0
7096,8.0
7097,60.0
7098,78.5
7099,0.020000000000000004
7100,41.0
7101,400
7102,3.9
7103,4.0
7104,3.0
7105,325.0
7106,392.5
7107,5000
7108,40
7109,75
7110,0.33333
7111,15.25
7112,31.4
7113,20.0
7114,5.614
7115,20.0
7116,600.0
7117,251.20000000000005
7118,19154.000000000004
7119,58.0
7120,4.8
7121,501.90000000000003
7122,445
7123,600
7124,42
7125,56
7126,540.0
7127,84.72222222222221
7128,40.0
7129,95.0
7130,12.56
7131,4.0
7132,40.0
7133,400.0000000000002
7134,188
7135,64.99974
7136,26.666666666666668
7137,66.66666666666667
7138,62.5
7139,56
7140,2.62
7141,45.72319999999999
7142,600.0
7143,0.1
7144,6.0
7145,7
7146,0.92
7147,0.25
7148,10.999999999999998
7149,15.000000000000004
7150,5.999999999999999
7151,20.0
7152,340
7153,53.0
7154,160.0
7155,3005.0
7156,385
7157,29.0
7158,122.99999999999999
7159,1.2000000000000002
7160,12.0
7161,1625.0
7162,3.5
7163,4.0
7164,1024
7165,0.5
7166,1213.3333333333335
7167,352.0
7168,93.75
7169,8.0
7170,8
7171,80.0
7172,80.0
7173,0.52
7174,0.24999999999999994
7175,45.0
7176,8.0
7177,1000
7178,306.25
7179,130.0
7180,251.20000000000002
7181,522.5
7182,1400
7183,92.5
7184,2.5454545454545454
7185,72.5
7186,9.0
7187,768
7188,2
7189,12.0
7190,97.0
7191,0.48
7192,4775.0
7193,86242.4576
7194,6160.0
7195,5.266666666666667
7196,800.0
7197,144
7198,27
7199,10.285714285714285
7200,15.0
7201,15.0
7202,2040.0
7203,108.0
7204,4.0
7205,72.0
7206,140.0
7207,7
7208,9600
7209,426.0
7210,720
7211,13.5
7212,120.0
7213,-0.5
7214,0.047619047619047616
7215,75.36
7216,36
7217,62.800000000000004
7218,21.98
7219,2319.0
7220,18
7221,2128.0
7222,15.0
7223,0.19999999999999996
7224,75.0
7225,13.5
7226,11.399999999999999
7227,27
7228,0
7229,0
7230,0.16000000000000003
7231,660.0
7232,300000.0
7233,314.0
7234,2.5
7235,90
7236,24.840000000000003
7237,1.0
7238,-10.526315789473685
7239,1.1
7240,8.0
7241,223.99957999999998
7242,13.0
7243,8.48
7244,4.8125
7245,630.0
7246,73.0
7247,2.4000000000000004
7248,168
7249,2000.0
7250,3000.0
7251,4.0
7252,35.999820000899994
7253,1.7999999999999998
7254,3.0
7255,115.30000000000001
7256,117.0
7257,340
7258,1300
7259,184.00000000000003
7260,60.0
7261,48.0
7262,180000.0
7263,4.0
7264,848
7265,2500.0
7266,5280.0
7267,16000
7268,3.0
7269,4916.34
7270,6.28
7271,37.68
7272,8
7273,300.00000000000006
7274,0.1999613974136267
7275,105
7276,-50.0
7277,750.0
7278,3000
7279,400000.0
7280,56.0
7281,90.0
7282,240
7283,0.09090909090909098
7284,30.0
7285,15.0
7286,14.399999999999999
7287,21.0
7288,5.0
7289,120
7290,8
7291,30.0
7292,35.0
7293,135
7294,-1.001669449081803
7295,29.700000000000003
7296,240
7297,96.0
7298,1088
7299,55.0
7300,40.0
7301,0.9125
7302,15.0
7303,120.0
7304,25000
7305,60
7306,108.0
7307,30000
7308,350.0
7309,1.3
7310,70.0
7311,0.3333333333333333
7312,-0.00023666666666666665
7313,349.09344795234875
7314,109.35000000000002
7315,72
7316,33.333333333333336
7317,251.20000000000002
7318,1038
7319,942.0
7320,9.0
7321,90.0
7322,480.0
7323,399.99999999999994
7324,103.3
7325,4.0
7326,-57.7319587628866
7327,0.4
7328,57.60000000000001
7329,16.0
7330,12.0
7331,280
7332,1.4444
7333,140
7334,300
7335,387.5
7336,5040.0
7337,8038.400000000001
7338,15.0
7339,124.0
7340,45.475
7341,37
7342,-16.0
7343,2.9999999999999996
7344,36
7345,3.184713375796178
7346,70.80000000000001
7347,6750.0
7348,62.800000000000004
7349,-2800.0
7350,286.624203821656
7351,20
7352,95.99923200614396
7353,200.0
7354,400.0
7355,300.0
7356,9.8125
7357,162.0
7358,4.800000000000002
7359,51
7360,10.0
7361,940
7362,778
7363,8.0
7364,90.0
7365,47
7366,4500
7367,2499.9999999999995
7368,1500.0
7369,54.25
7370,12.0
7371,1.0869565217391308
7372,720.0
7373,-150
7374,16.0
7375,4.444444444444445
7376,0.44999999999999996
7377,53.664
7378,50.0
7379,466.29
7380,1600
7381,100.0
7382,180
7383,30.000000000000007
7384,0.2
7385,1262028.8
7386,157.0
7387,1000.0
7388,0.785
7389,14.25
7390,6.0
7391,0
7392,2.8800000000000003
7393,1256.0
7394,400.0
7395,480
7396,9600
7397,112
7398,4
7399,59.99976
7400,64.00008
7401,4.8
7402,1.5
7403,40.0
7404,230
7405,0
7406,5.833333333333333
7407,9
7408,9.568
7409,72.000288001152
7410,90.0
7411,11.0
7412,66.66666666666667
7413,125.0
7414,65.0
7415,8
7416,1.2738853503184713
7417,150
7418,195
7419,2.0
7420,98.0
7421,5.6
7422,6.75
7423,54.0
7424,114.99999999999999
7425,432.0
7426,81.0
7427,14.000180001800018
7428,12.56
7429,3600
7430,0.99
7431,480
7432,42.0
7433,5.333333333333333
7434,363.2
7435,1800
7436,84.0
7437,12.600000000000001
7438,17.0
7439,5.999999999999999
7440,880
7441,4.0
7442,180.0
7443,4.8
7444,0.06667
7445,0.8000000000000002
7446,7.0
7447,180
7448,6000.2
7449,6000.25
7450,1256.0
7451,10.0
7452,77
7453,47.5
7454,4.0
7455,64.0
7456,0.625
7457,20.0
7458,0.64
7459,4.8
7460,500.0
7461,360.0
7462,44.0
7463,4368
7464,7.7
7465,52.499737501312495
7466,360
7467,50.0
7468,2.5
7469,180.0
7470,314.0
7471,4.0
7472,30
7473,0.13333333333333333
7474,360
7475,3
7476,520
7477,3
7478,55.0
7479,5.6
7480,29.0
7481,49.5
7482,400.0
7483,400.0
7484,13175.0
7485,204.0
7486,450
7487,33.3333
7488,5.0
7489,4800.0
7490,15.000000000000002
7491,399
7492,112.0
7493,80.0
7494,90.0
7495,24
7496,0.6
7497,98
7498,3.3000000000000003
7499,59.999999999999986
7500,70.02450000000002
7501,3.0
7502,-48000.0
7503,300000
7504,60.0
7505,173
7506,28.0
7507,2400
7508,660.0
7509,210.0
7510,2.4000000000000004
7511,1332
7512,2550.0
7513,7.999832001007995
7514,190
7515,-525.0
7516,143
7517,340.0
7518,7.5
7519,80
7520,1595.0
7521,3020
7522,1413.0
7523,1.0
7524,744
7525,207.36
7526,10320
7527,675.0
7528,2.5
7529,2
7530,3600
7531,10.0
7532,22.5
7533,560
7534,2240
7535,457.6
7536,4.0
7537,25.0
7538,0.04
7539,4.85
7540,15.6
7541,15.5
7542,612
7543,159.99999999999997
7544,40.0
7545,314.0
7546,3.0
7547,75.36
7548,675
7549,0.942
7550,45.0
7551,3140.0
7552,115
7553,65.0
7554,69
7555,870
7556,-18.75
7557,180000.0
7558,125
7559,9.0
7560,40.90909090909091
7561,0.1978021978021978
7562,300.0
7563,147.0
7564,40.0
7565,384.0
7566,99
7567,1.25
7568,1200
7569,930
7570,0.0
7571,7
7572,25.72
7573,24.0
7574,7800.012000048
7575,3.0
7576,5.333333333333334
7577,452.16
7578,24.150000000000002
7579,0.6666666666666666
7580,200.0
7581,46.0
7582,49.0
7583,135.0
7584,1500000.0
7585,9000000.0
7586,0.7
7587,36.0
7588,40.0
7589,182
7590,4.0
7591,17.0
7592,20.0
7593,5.0
7594,360
7595,3159.0
7596,1500
7597,106
7598,54.0
7599,20.0
7600,5.0
7601,600.0
7602,71.03999999999999
7603,8
7604,16
7605,132
7606,5.120000000000001
7607,125000
7608,80
7609,36
7610,24.0
7611,6.8
7612,34.0
7613,68.0
7614,7.2
7615,0.216
7616,10.0
7617,8
7618,16
7619,12
7620,24
7621,4
7622,4
7623,8
7624,0.49
7625,432
7626,512
7627,57.5
7628,36.55
7629,0.6
7630,3.37
7631,1.9000000000000001
7632,343.0
7633,320.0
7634,89.99955000224999
7635,0.85
7636,8.0
7637,13.5
7638,1200
7639,93.00023999999999
7640,0.0432
7641,0.6
7642,0.5
7643,3.0
7644,21.0
7645,20.0
7646,0.72
7647,18.0
7648,0.5000100000000001
7649,0.14285714285714285
7650,1120
7651,3000
7652,0.0003
7653,0.6285714285714287
7654,1.0
7655,2400
7656,0.95
7657,64
7658,125.0
7659,6.760000000000001
7660,16.0
7661,31.799999999999997
7662,1.3999916000503998
7663,0.375
7664,2.0
7665,0.39999999999999997
7666,0.333335
7667,8750.0
7668,9.142857142857142
7669,39.5
7670,42.0
7671,62.0
7672,1080
7673,12.0
7674,8.0
7675,505
7676,4.0
7677,2520.0
7678,1.1111111111111112
7679,1.6
7680,1.6
7681,3968
7682,750.0
7683,7.0
7684,40.0
7685,60.0
7686,40000
7687,64
7688,0.88571
7689,840
7690,1782
7691,6.0
7692,8280
7693,0.87
7694,3.0
7695,5.34
7696,28
7697,6
7698,-1.5
7699,54
7700,7
7701,260.0
7702,6.527777777777778
7703,19.0
7704,13.350000000000001
7705,1.6700000000000002
7706,3045
7707,91.42857142857143
7708,14
7709,148
7710,72.0
7711,0.55
7712,25.0
7713,0.45833
7714,3.4
7715,48.000060000000005
7716,25.71426
7717,6.66
7718,0.29167
7719,60
7720,9
7721,47.599999999999994
7722,87.5
7723,40.0
7724,1350
7725,13.0
7726,0.09999999999999998
7727,1.9333333333333325
7728,222
7729,6.0
7730,70
7731,882
7732,0.225
7733,0.2999999999999998
7734,239.0
7735,67.5
7736,0.09090909090909091
7737,6.5
7738,100.00000000000003
7739,59.99880002399953
7740,20.0
7741,135.0
7742,36
7743,0.0085
7744,560
7745,76.0
7746,37.77777777777778
7747,9.0
7748,194
7749,17.625
7750,5.500000000000001
7751,700
7752,0.2025
7753,583.0
7754,1.25
7755,19.09090909090909
7756,-120.0
7757,-6.0
7758,135
7759,0.36666999999999994
7760,5.0
7761,13.399999999999999
7762,400
7763,64.0
7764,4.000019999999999
7765,5.999999999999999
7766,6.0
7767,32800
7768,83.0
7769,960.0
7770,230
7771,2865
7772,0.55
7773,200.0
7774,48
7775,43.0
7776,80.0
7777,30.0
7778,20.000000000000004
7779,225
7780,3.1999700000000004
7781,120.0
7782,0.32608695652173914
7783,-22
7784,220
7785,11.714285714285714
7786,2.4
7787,432.0
7788,1800.0
7789,150.0
7790,81.5
7791,26.85185185185185
7792,250
7793,0.85714
7794,10.0
7795,2
7796,16.666666666666668
7797,44.5
7798,420
7799,80.0
7800,172.5
7801,60.0
7802,10000.0
7803,0.5
7804,47.998080076796924
7805,66.0
7806,100.0
7807,222
7808,187.0
7809,183.33333333333334
7810,-1.7999999999999998
7811,16.0
7812,1.0
7813,30.0
7814,0.36363636363636365
7815,53.99999999999999
7816,2.0
7817,13.333333333333334
7818,240.00240002400022
7819,3.5294117647058822
7820,7
7821,0.9
7822,5410
7823,1026.0
7824,0.2
7825,66.0
7826,0.16666666666666652
7827,0.6666666666666666
7828,8
7829,36.0
7830,72.0
7831,630
7832,40.0
7833,23.80952380952381
7834,93.00000000000001
7835,2
7836,0.55
7837,0
7838,16800
7839,-4.875
7840,72.0
7841,-0.52381
7842,0
7843,35.0
7844,674.9662516874157
7845,4.800000000000002
7846,2.8
7847,135.0
7848,15.714285714285715
7849,320
7850,-7
7851,0.5625
7852,570
7853,6.533333333333333
7854,16.0
7855,1.25
7856,1.0
7857,1.225
7858,48.00024
7859,280
7860,969
7861,1.3333333333333333
7862,144.0
7863,1.0
7864,10.3
7865,7.000300003000028
7866,8.625
7867,1.4210526315789473
7868,4.444444444444445
7869,3.0
7870,90
7871,0.75
7872,15.0
7873,12.6
7874,28.0
7875,0.5
7876,5.0
7877,7.6
7878,50.0
7879,12.277777777777779
7880,0.375
7881,150.0
7882,62.5
7883,0.6
7884,5.454545454545454
7885,0.6400000000000001
7886,96
7887,0.27778
7888,12.0
7889,1.0
7890,3.3333333333333335
7891,2.0
7892,2.9999999999999996
7893,6480
7894,309.0
7895,105.00035000116667
7896,8745.0
7897,79.99999999999993
7898,90.88757396449705
7899,12.0
7900,7
7901,10.0
7902,5.769230769230769
7903,24
7904,5.42
7905,3.0
7906,632
7907,200.0
7908,3.428571428571429
7909,0.050000000000000044
7910,1.0
7911,15.555555555555555
7912,0.25
7913,237.60000000000002
7914,2700.0
7915,0.1875
7916,10.0
7917,96.0
7918,0.2
7919,864
7920,0.45
7921,1.0
7922,0.08333333333333333
7923,0.2
7924,12.0
7925,324.0
7926,150
7927,1.0
7928,10.4
7929,360.0
7930,50.0
7931,80
7932,0.8
7933,24.0
7934,77
7935,0.625
7936,0.6
7937,0.4
7938,8
7939,8.0
7940,7.25
7941,17
7942,0.41666000000000003
7943,2.6666666666666665
7944,300.0
7945,42.5
7946,6.6
7947,14.166666666666666
7948,59.99999999999999
7949,25.0
7950,0.08
7951,83.42857142857143
7952,-1.25
7953,-15.0
7954,128.6
7955,86
7956,56.333333333333336
7957,574
7958,2.2
7959,229.99999999999997
7960,1.06667
7961,20.0
7962,8.333333333333334
7963,20
7964,7000.0
7965,54
7966,4.999999999999999
7967,960.0
7968,1710.0
7969,7.333333333333334
7970,735.0
7971,5.0
7972,624.0
7973,1.0
7974,4.0
7975,170
7976,27
7977,80.0
7978,20.0
7979,40.0
7980,42
7981,392.0
7982,25.0
7983,4000
7984,10.0
7985,2590
7986,2.999999999999996
7987,75
7988,143.9969760181439
7989,144000
7990,170
7991,72.0
7992,5
7993,1200
7994,193
7995,2.727272727272727
7996,180
7997,5830
7998,0.7142857142857143
7999,0.97619